epoch,lr,step,train_loss
0,2.574611244199332e-06,49,10.16726303100586
0,5.201765361562138e-06,99,10.14279842376709
0,7.828919478924945e-06,149,10.100106239318848
0,1.0456074051035102e-05,199,9.97364330291748
0,1.308322862314526e-05,249,9.898306846618652
0,1.5710382285760716e-05,299,9.801358222961426
0,1.833753594837617e-05,349,9.685243606567383
0,2.096469142998103e-05,399,9.611570358276367
0,2.3591845092596486e-05,449,9.514140129089355
0,2.6218998755211942e-05,499,9.291927337646484
0,2.88461542368168e-05,549,9.28709602355957
0,3.147330789943226e-05,599,9.306716918945312
0,3.4100463381037116e-05,649,9.006877899169922
0,3.672761522466317e-05,699,9.22465991973877
0,3.935477070626803e-05,749,9.257814407348633
0,4.198192618787289e-05,799,9.223858833312988
0,4.460907803149894e-05,849,9.042900085449219
0,4.72362335131038e-05,899,9.108011245727539
0,4.986338899470866e-05,949,9.027883529663086
0,5.249054083833471e-05,999,9.004201889038086
0,5.511769631993957e-05,1049,9.1315279006958
0,5.774485180154443e-05,1099,9.0519437789917
0,6.037200364517048e-05,1149,8.945266723632812
0,6.299916276475415e-05,1199,9.093269348144531
0,6.56263146083802e-05,1249,9.034421920776367
0,6.825346645200625e-05,1299,8.874210357666016
0,7.088062557158992e-05,1349,8.741280555725098
0,7.350777741521597e-05,1399,8.902255058288574
0,7.613492925884202e-05,1449,8.702309608459473
0,7.876208837842569e-05,1499,8.850412368774414
0,8.138924022205174e-05,1549,8.51179313659668
0,8.401639206567779e-05,1599,8.745583534240723
0,8.664355118526146e-05,1649,8.69189453125
0,8.927070302888751e-05,1699,8.578081130981445
0,9.189785487251356e-05,1749,8.326558113098145
0,9.452501399209723e-05,1799,8.486343383789062
0,9.715216583572328e-05,1849,8.396103858947754
0,9.977931767934933e-05,1899,8.528036117553711
0,0.000102406476798933,1949,8.235834121704102
0,0.00010503362864255905,1999,8.142812728881836
0,0.0001076607804861851,2049,8.140037536621094
0,0.00011028793960576877,2099,8.309653282165527
0,0.00011291509144939482,2149,8.275530815124512
0,0.00011554224329302087,2199,8.393576622009277
0,0.00011816940241260454,2249,7.893886566162109
0,0.00012079655425623059,2299,8.328990936279297
0,0.00012342371337581426,2349,8.02687931060791
0,0.0001260508579434827,2399,8.14576244354248
0,0.00012867801706306636,2449,7.990646839141846
0,0.00013130517618265003,2499,7.987882137298584
0,0.00013393232075031847,2549,7.868101596832275
0,0.00013655947986990213,2599,7.522833824157715
0,0.0001391866389894858,2649,7.8332743644714355
0,0.00014181378355715424,2699,7.693813800811768
0,0.0001444409426767379,2749,7.4902729988098145
0,0.00014706810179632157,2799,7.85191011428833
0,0.00014969524636399,2849,7.714674472808838
0,0.00015232240548357368,2899,7.406733989715576
0,0.00015494956460315734,2949,7.732610702514648
0,0.00015757670917082578,2999,7.781466484069824
0,0.00016020386829040945,3049,7.17911958694458
0,0.0001628310274099931,3099,7.729547023773193
0,0.00016545817197766155,3149,7.527105331420898
0,0.00016808533109724522,3199,7.584831237792969
0,0.00017071249021682888,3249,7.221179008483887
0,0.00017333963478449732,3299,7.198007106781006
0,0.000175966793904081,3349,7.2759013175964355
0,0.00017859395302366465,3399,7.362034797668457
0,0.0001812210975913331,3449,7.306690216064453
0,0.00018384825671091676,3499,6.899707794189453
0,0.00018647541583050042,3549,7.266458988189697
0,0.00018910256039816886,3599,7.2407355308532715
0,0.00019172971951775253,3649,7.439183712005615
0,0.0001943568786373362,3699,7.178368091583252
0,0.00019698402320500463,3749,6.83093786239624
0,0.0001996111823245883,3799,7.27079439163208
0,0.00020223834144417197,3849,7.0625128746032715
0,0.0002048654860118404,3899,7.011438846588135
0,0.00020749264513142407,3949,6.990900993347168
0,0.00021011980425100774,3999,6.978229999542236
0,0.00021274694881867617,4049,7.335671424865723
0,0.00021537410793825984,4099,6.849343776702881
0,0.0002180012670578435,4149,7.259664058685303
0,0.00022062841162551194,4199,7.2569146156311035
0,0.0002232555707450956,4249,6.962916851043701
0,0.00022588272986467928,4299,7.169521331787109
0,0.00022850987443234771,4349,6.944518089294434
0,0.00023113703355193138,4399,6.925620079040527
0,0.00023376419267151505,4449,6.573725700378418
0,0.00023639133723918349,4499,6.910996437072754
0,0.00023901849635876715,4549,7.179855823516846
0,0.00024164565547835082,4599,7.334390163421631
0,0.0002442728145979345,4649,7.100189208984375
0,0.0002468999591656029,4699,6.8309502601623535
0,0.00024952710373327136,4749,7.047286510467529
0,0.00025215427740477026,4799,7.061737537384033
0,0.0002547814219724387,4849,6.805276393890381
0,0.00025740856654010713,4899,6.719031810760498
0,0.000260035740211606,4949,6.511794567108154
0,0.00026266288477927446,4999,6.821211814880371
0,0.0002652900293469429,5049,6.831821441650391
0,0.0002679172030184418,5099,6.828281402587891
0,0.00027054434758611023,5149,6.474177360534668
0,0.00027317149215377867,5199,6.888018608093262
0,0.00027579866582527757,5249,6.903314113616943
0,0.000278425810392946,5299,6.435561656951904
0,0.00028105295496061444,5349,6.399450778961182
0,0.00028368012863211334,5399,6.336325645446777
0,0.0002863072731997818,5449,6.306149005889893
0,0.0002889344177674502,5499,6.762836456298828
0,0.0002915615914389491,5549,6.781745433807373
0,0.00029418873600661755,5599,6.562571048736572
0,0.000296815880574286,5649,6.303922653198242
0,0.0002994430542457849,5699,6.70612907409668
0,0.0003020701988134533,5749,6.322314262390137
0,0.00030469734338112175,5799,6.601356506347656
0,0.00030732451705262065,5849,6.389535903930664
0,0.0003099516616202891,5899,6.612035751342773
0,0.0003125788061879575,5949,6.591644287109375
0,0.0003152059798594564,5999,5.898559093475342
0,0.00031783312442712486,6049,6.25768518447876
0,0.0003204602689947933,6099,6.289184093475342
0,0.0003230874426662922,6149,6.457303524017334
0,0.00032571458723396063,6199,6.206449508666992
0,0.00032834173180162907,6249,6.260021209716797
0,0.00033096890547312796,6299,6.642861366271973
0,0.0003335960500407964,6349,6.385332107543945
0,0.00033622319460846484,6399,6.394715309143066
0,0.00033885036827996373,6449,6.367491722106934
0,0.00034147751284763217,6499,6.561143398284912
0,0.0003441046574153006,6549,6.094289302825928
0,0.0003467318310867995,6599,6.4401421546936035
0,0.00034935897565446794,6649,6.508633613586426
0,0.0003519861202221364,6699,6.842696189880371
0,0.0003546132938936353,6749,6.092597961425781
0,0.0003572404384613037,6799,6.40100622177124
0,0.00035986758302897215,6849,6.221216678619385
0,0.00036249475670047104,6899,6.142008304595947
0,0.0003651219012681395,6949,6.0085368156433105
0,0.0003677490458358079,6999,5.541533470153809
0,0.0003703762195073068,7049,5.955211162567139
0,0.00037300336407497525,7099,6.395542621612549
0,0.0003756305086426437,7149,5.566470146179199
0,0.0003782576823141426,7199,6.126804351806641
0,0.000380884826881811,7249,6.053315162658691
0,0.00038351197144947946,7299,6.036899089813232
0,0.00038613914512097836,7349,5.991304397583008
0,0.0003887662896886468,7399,6.144518852233887
0,0.00039139343425631523,7449,6.098248481750488
0,0.0003940206079278141,7499,6.173610210418701
0,0.00039664775249548256,7549,6.114925861358643
0,0.000399274897063151,7599,5.79140043258667
0,0.0004019020707346499,7649,5.847415924072266
0,0.00040452921530231833,7699,5.6376752853393555
0,0.00040715635986998677,7749,5.857036590576172
0,0.00040978353354148567,7799,6.026728630065918
0,0.0004124106781091541,7849,5.909120559692383
0,0.00041503782267682254,7899,5.6949357986450195
0,0.00041766499634832144,7949,5.534634590148926
0,0.0004202921409159899,7999,6.209954738616943
0,0.0004229192854836583,8049,5.871987819671631
0,0.0004255464591551572,8099,6.086834907531738
0,0.00042817360372282565,8149,5.63195276260376
0,0.0004308007482904941,8199,5.892778396606445
0,0.000433427921961993,8249,5.959197044372559
0,0.0004360550665296614,8299,5.6967034339904785
0,0.00043868221109732985,8349,5.579479694366455
0,0.00044130938476882875,8399,5.590010643005371
0,0.0004439365293364972,8449,5.525201320648193
0,0.0004465636739041656,8499,5.257625102996826
0,0.0004491908475756645,8549,6.217639923095703
0,0.00045181799214333296,8599,5.7946248054504395
0,0.0004544451367110014,8649,5.900466442108154
0,0.0004570723103825003,8699,5.734796047210693
0,0.00045969945495016873,8749,5.450259208679199
0,0.00046232659951783717,8799,5.41368293762207
0,0.00046495377318933606,8849,5.399569511413574
0,0.0004675809177570045,8899,5.457071304321289
0,0.00047020806232467294,8949,5.475875377655029
0,0.00047283523599617183,8999,5.545182228088379
0,0.00047546238056384027,9049,5.289887428283691
0,0.0004780895251315087,9099,5.459311485290527
0,0.0004807166988030076,9149,5.323424816131592
0,0.00048334384337067604,9199,5.321633815765381
0,0.0004859709879383445,9249,5.3582563400268555
0,0.0004885981325060129,9299,5.13972282409668
0,0.0004912252770736814,9349,5.9859299659729
0,0.0004938524798490107,9399,5.387303352355957
0,0.0004964796244166791,9449,5.686675548553467
0,0.0004991067689843476,9499,5.65072774887085
0,0.000501733913552016,9549,5.23009729385376
0,0.0005043610581196845,9599,5.157168865203857
0,0.0005069882026873529,9649,5.320060729980469
0,0.0005096154054626822,9699,5.207820415496826
0,0.0005122425500303507,9749,5.174819469451904
0,0.0005148696945980191,9799,5.312510013580322
0,0.0005174968391656876,9849,5.028079509735107
0,0.000520123983733356,9899,5.055861473083496
0,0.0005227511283010244,9949,5.00520658493042
0,0.0005253783310763538,9999,5.193070888519287
0,0.0005280054756440222,10049,5.020514011383057
0,0.0005306326202116907,10099,5.020305633544922
0,0.0005332597647793591,10149,5.206775188446045
0,0.0005358869093470275,10199,5.059183120727539
0,0.000538514053914696,10249,4.987149715423584
0,0.0005411412566900253,10299,5.063112735748291
0,0.0005437684012576938,10349,4.77232551574707
0,0.0005463955458253622,10399,5.371188163757324
0,0.0005490226903930306,10449,4.835685729980469
0,0.0005516498349606991,10499,4.915385723114014
0,0.0005542769795283675,10549,4.740927219390869
0,0.0005569041823036969,10599,4.890554428100586
0,0.0005595313268713653,10649,4.788083076477051
0,0.0005621584714390337,10699,5.11477518081665
0,0.0005647856160067022,10749,4.7539896965026855
0,0.0005674127605743706,10799,4.676900386810303
0,0.0005700399051420391,10849,4.650754451751709
0,0.0005726671079173684,10899,5.138388633728027
0,0.0005752942524850368,10949,4.373075008392334
0,0.0005779213970527053,10999,4.909274578094482
0,0.0005805485416203737,11049,4.620974540710449
0,0.0005831756861880422,11099,4.45279598236084
0,0.0005858028307557106,11149,4.418331623077393
0,0.00058843003353104,11199,4.7223029136657715
0,0.0005910571780987084,11249,4.444453239440918
0,0.0005936843226663768,11299,4.292097568511963
0,0.0005963114672340453,11349,4.152900695800781
0,0.0005989386118017137,11399,4.215183258056641
0,0.0006015657563693821,11449,4.639573574066162
0,0.0006041929591447115,11499,4.2739129066467285
0,0.0006068201037123799,11549,4.293070316314697
0,0.0006094472482800484,11599,4.6040215492248535
0,0.0006120743928477168,11649,4.124058723449707
0,0.0006147015374153852,11699,4.075698375701904
0,0.0006173286819830537,11749,4.088125705718994
0,0.000619955884758383,11799,4.371772289276123
0,0.0006225830293260515,11849,4.33069372177124
0,0.0006252101738937199,11899,4.0927910804748535
0,0.0006278373184613883,11949,4.051180839538574
0,0.0006304644630290568,11999,4.04705810546875
0,0.0006330916075967252,12049,4.157059669494629
0,0.0006357188103720546,12099,4.037519454956055
0,0.000638345954939723,12149,4.384493350982666
0,0.0006409730995073915,12199,3.9170725345611572
0,0.0006436002440750599,12249,3.8568577766418457
0,0.0006462273886427283,12299,4.031322002410889
0,0.0006488545332103968,12349,3.820585012435913
0,0.0006514817359857261,12399,4.070443630218506
0,0.0006541088805533946,12449,4.216480731964111
0,0.000656736025121063,12499,4.02206563949585
0,0.0006593631696887314,12549,4.009366989135742
0,0.0006619903142563999,12599,4.207152366638184
0,0.0006646174588240683,12649,3.8140206336975098
0,0.0006672446615993977,12699,3.732499599456787
0,0.0006698718061670661,12749,3.668858051300049
0,0.0006724989507347345,12799,4.038378715515137
0,0.000675126095302403,12849,3.7116830348968506
0,0.0006777532398700714,12899,3.6638238430023193
0,0.0006803803844377398,12949,3.7690060138702393
0,0.0006830075872130692,12999,3.8270740509033203
0,0.0006856347317807376,13049,3.7232162952423096
0,0.0006882618763484061,13099,4.293001651763916
0,0.0006908890209160745,13149,3.973214626312256
0,0.000693516165483743,13199,3.8283727169036865
0,0.0006961433100514114,13249,3.6468827724456787
0,0.0006987705128267407,13299,3.7963664531707764
0,0.0007013976573944092,13349,3.632760524749756
0,0.0007040248019620776,13399,3.634168863296509
0,0.0007066519465297461,13449,3.706017017364502
0,0.0007092790910974145,13499,3.6793956756591797
0,0.0007119062356650829,13549,3.6633856296539307
0,0.0007145334384404123,13599,3.749126672744751
0,0.0007171605830080807,13649,3.6438217163085938
0,0.0007197877275757492,13699,3.5877010822296143
0,0.0007224148721434176,13749,4.054385185241699
0,0.000725042016711086,13799,3.7919633388519287
0,0.0007276691612787545,13849,3.7371890544891357
0,0.0007302963640540838,13899,3.8962061405181885
0,0.0007329235086217523,13949,3.4611830711364746
0,0.0007355506531894207,13999,3.4842333793640137
0,0.0007381777977570891,14049,3.9656569957733154
0,0.0007408049423247576,14099,4.443214416503906
0,0.000743432086892426,14149,3.59324049949646
0,0.0007460592896677554,14199,3.6484529972076416
0,0.0007486864342354238,14249,3.6685702800750732
0,0.0007513135788030922,14299,3.411430597305298
0,0.0007539407233707607,14349,3.6344830989837646
0,0.0007565678679384291,14399,3.5494048595428467
0,0.0007591950125060976,14449,3.4555373191833496
0,0.0007618222152814269,14499,3.897355318069458
0,0.0007644493598490953,14549,3.7416601181030273
0,0.0007670765044167638,14599,3.6296274662017822
0,0.0007697036489844322,14649,4.628293991088867
0,0.0007723307935521007,14699,3.628983497619629
0,0.0007749579381197691,14749,3.5088257789611816
0,0.0007775851408950984,14799,3.665757179260254
0,0.0007802122854627669,14849,3.5020997524261475
0,0.0007828394300304353,14899,3.467089891433716
0,0.0007854665745981038,14949,3.782137155532837
0,0.0007880937191657722,14999,3.5319137573242188
0,0.0007907208637334406,15049,3.618234157562256
0,0.00079334806650877,15099,3.462716579437256
0,0.0007959752110764384,15149,3.4893805980682373
0,0.0007986023556441069,15199,3.4454855918884277
0,0.0008012295002117753,15249,3.5298144817352295
0,0.0008038566447794437,15299,3.457426071166992
0,0.0008064837893471122,15349,3.52704119682312
0,0.0008091109921224415,15399,3.2852139472961426
0,0.00081173813669011,15449,3.587282419204712
0,0.0008143652812577784,15499,3.5996837615966797
0,0.0008169924258254468,15549,3.659560441970825
0,0.0008196195703931153,15599,3.442692518234253
0,0.0008222467149607837,15649,3.811648368835449
0,0.0008248739177361131,15699,3.281872510910034
0,0.0008275010623037815,15749,3.320779800415039
0,0.00083012820687145,15799,3.605393886566162
0,0.0008327553514391184,15849,3.279609203338623
0,0.0008353824960067868,15899,3.466252088546753
0,0.0008380096405744553,15949,3.3960862159729004
0,0.0008406368433497846,15999,3.266399383544922
0,0.000843263987917453,16049,3.4484660625457764
0,0.0008458911324851215,16099,3.9380171298980713
0,0.0008485182770527899,16149,3.5377817153930664
0,0.0008511454216204584,16199,3.407212734222412
0,0.0008537725661881268,16249,3.1881356239318848
0,0.0008563997689634562,16299,3.5679125785827637
0,0.0008590269135311246,16349,3.7265985012054443
0,0.000861654058098793,16399,3.42082142829895
0,0.0008642812026664615,16449,3.264216899871826
0,0.0008669083472341299,16499,3.7402901649475098
0,0.0008695354918017983,16549,3.3630082607269287
0,0.0008721626945771277,16599,3.365063190460205
0,0.0008747898391447961,16649,3.463305950164795
0,0.0008774169837124646,16699,3.393054485321045
0,0.000880044128280133,16749,3.1479387283325195
0,0.0008826712728478014,16799,3.6814475059509277
0,0.0008852984174154699,16849,3.244077682495117
0,0.0008879256201907992,16899,3.9346418380737305
0,0.0008905527647584677,16949,3.1358983516693115
0,0.0008931799093261361,16999,3.497838020324707
0,0.0008958070538938046,17049,4.283303737640381
0,0.000898434198461473,17099,3.3307838439941406
0,0.0009010613430291414,17149,3.538587808609009
0,0.0009036885458044708,17199,3.3800666332244873
0,0.0009063156903721392,17249,3.1714937686920166
0,0.0009089428349398077,17299,3.5671019554138184
0,0.0009115699795074761,17349,3.416316270828247
0,0.0009141971240751445,17399,3.7098493576049805
0,0.000916824268642813,17449,3.7168872356414795
0,0.0009194514714181423,17499,3.568871021270752
0,0.0009220786159858108,17549,3.2624902725219727
0,0.0009247057605534792,17599,3.854088306427002
0,0.0009273329051211476,17649,3.080044746398926
0,0.0009299600496888161,17699,3.7136332988739014
0,0.0009325871942564845,17749,3.7296640872955322
0,0.0009352143970318139,17799,3.339216470718384
0,0.0009378415415994823,17849,3.0925114154815674
0,0.0009404686861671507,17899,3.266141176223755
0,0.0009430958307348192,17949,3.3031105995178223
0,0.0009457229753024876,17999,3.0330212116241455
0,0.000948350119870156,18049,3.353888988494873
0,0.0009509773226454854,18099,3.3160994052886963
0,0.0009536044672131538,18149,3.295654773712158
0,0.0009562316117808223,18199,3.33011531829834
0,0.0009588587563484907,18249,3.3488588333129883
0,0.0009614859009161592,18299,3.3312222957611084
0,0.0009641130454838276,18349,3.3549318313598633
0,0.0009667402482591569,18399,3.32643985748291
0,0.0009693673928268254,18449,3.1869406700134277
0,0.0009719945373944938,18499,3.3792357444763184
0,0.0009746216819621623,18549,3.4376912117004395
0,0.0009772488847374916,18599,3.563098430633545
0,0.00097987602930516,18649,3.404226779937744
0,0.0009825031738728285,18699,3.2904052734375
0,0.000985130318440497,18749,3.1230242252349854
0,0.0009877574630081654,18799,3.2365283966064453
0,0.0009903846075758338,18849,3.2633872032165527
0,0.0009930117521435022,18899,3.447103977203369
0,0.0009956388967111707,18949,3.411560297012329
0,0.0009982660412788391,18999,3.416944742202759
0,0.000999900745227933,19049,3.401745557785034
0,0.0009996088920161128,19099,3.453096628189087
0,0.0009993169223889709,19149,3.3877902030944824
0,0.0009990250691771507,19199,3.370321035385132
0,0.0009987330995500088,19249,3.312204360961914
0,0.0009984412463381886,19299,3.781562566757202
0,0.0009981492767110467,19349,3.524143695831299
0,0.0009978574234992266,19399,3.328155517578125
0,0.0009975655702874064,19449,3.4190011024475098
0,0.0009972736006602645,19499,3.440589666366577
0,0.0009969817474484444,19549,3.357649326324463
0,0.0009966897778213024,19599,3.179109573364258
0,0.0009963979246094823,19649,3.1714439392089844
0,0.0009961059549823403,19699,3.1222047805786133
0,0.0009958141017705202,19749,3.3679893016815186
0,0.0009955221321433783,19799,3.320805788040161
0,0.0009952302789315581,19849,3.6216766834259033
0,0.000994938425719738,19899,3.1906423568725586
0,0.000994646456092596,19949,3.181800365447998
0,0.000994354602880776,19999,3.214674234390259
0,0.000994062633253634,20049,3.4951324462890625
0,0.0009937707800418139,20099,3.160862445831299
0,0.000993478810414672,20149,3.1787264347076416
0,0.0009931869572028518,20199,2.8602328300476074
0,0.0009928951039910316,20249,3.3820440769195557
0,0.0009926031343638897,20299,3.2202181816101074
0,0.0009923112811520696,20349,3.0031278133392334
0,0.0009920193115249276,20399,3.064168930053711
0,0.0009917274583131075,20449,3.3688435554504395
0,0.0009914354886859655,20499,3.039278507232666
0,0.0009911436354741454,20549,3.3700878620147705
0,0.0009908516658470035,20599,3.5096747875213623
0,0.0009905598126351833,20649,3.195775270462036
0,0.0009902679594233632,20699,3.1960861682891846
0,0.0009899759897962213,20749,3.4114937782287598
0,0.0009896841365844011,20799,3.302335500717163
0,0.0009893921669572592,20849,3.131134033203125
0,0.000989100313745439,20899,3.2531423568725586
0,0.000988808344118297,20949,3.242771625518799
0,0.000988516490906477,20999,3.181882381439209
0,0.0009882246376946568,21049,3.059197187423706
0,0.000987932668067515,21099,3.190629243850708
0,0.0009876408148556948,21149,3.158057451248169
0,0.0009873488452285528,21199,3.1093826293945312
0,0.0009870569920167327,21249,3.2922024726867676
0,0.0009867650223895907,21299,3.1723885536193848
0,0.0009864731691777706,21349,3.014633893966675
0,0.0009861811995506287,21399,3.1651113033294678
0,0.0009858893463388085,21449,3.2237863540649414
0,0.0009855974931269884,21499,3.303853750228882
0,0.0009853055234998465,21549,3.144772529602051
0,0.0009850136702880263,21599,3.2564876079559326
0,0.0009847217006608844,21649,3.228384256362915
0,0.0009844298474490643,21699,3.3116588592529297
0,0.0009841378778219223,21749,3.1748921871185303
0,0.0009838460246101022,21799,3.151036024093628
0,0.0009835540549829602,21849,3.09773850440979
0,0.00098326220177114,21899,3.2834458351135254
0,0.00098297034855932,21949,3.242410659790039
0,0.000982678378932178,21999,3.3016834259033203
0,0.000982386525720358,22049,3.491734743118286
0,0.000982094556093216,22099,3.226652145385742
0,0.0009818027028813958,22149,3.099672794342041
0,0.0009815107332542539,22199,3.1754074096679688
0,0.0009812188800424337,22249,3.2291767597198486
0,0.0009809270268306136,22299,3.055037260055542
0,0.0009806350572034717,22349,3.014328956604004
0,0.0009803432039916515,22399,3.1476988792419434
0,0.0009800512343645096,22449,3.097550630569458
0,0.0009797593811526895,22499,3.167531728744507
0,0.0009794674115255475,22549,3.1467177867889404
0,0.0009791755583137274,22599,3.1078426837921143
0,0.0009788835886865854,22649,3.2738263607025146
0,0.0009785917354747653,22699,3.0756466388702393
0,0.0009782998822629452,22749,3.6059865951538086
0,0.0009780079126358032,22799,3.269721508026123
0,0.000977716059423983,22849,3.1560466289520264
0,0.0009774240897968411,22899,3.3441905975341797
0,0.000977132236585021,22949,3.5047709941864014
0,0.000976840266957879,22999,3.140918731689453
0,0.0009765484137460589,23049,3.2754342555999756
0,0.0009762565023265779,23099,3.162076950073242
0,0.0009759645909070969,23149,3.2001938819885254
0,0.0009756726794876158,23199,3.037079095840454
0,0.0009753807680681348,23249,3.172008752822876
0,0.0009750888566486537,23299,3.2971203327178955
0,0.0009747970034368336,23349,3.514166831970215
0,0.0009745050920173526,23399,3.3546721935272217
0,0.0009742131805978715,23449,2.995353937149048
0,0.0009739212691783905,23499,3.129636764526367
0,0.0009736293577589095,23549,3.221170663833618
0,0.0009733374463394284,23599,2.984264612197876
0,0.0009730455349199474,23649,3.1422922611236572
0,0.0009727536235004663,23699,3.176875114440918
0,0.0009724617702886462,23749,3.181316375732422
0,0.0009721698588691652,23799,3.46069598197937
0,0.0009718779474496841,23849,2.9449877738952637
0,0.0009715860360302031,23899,3.1063008308410645
0,0.0009712941246107221,23949,3.2077388763427734
0,0.000971002213191241,23999,3.0952935218811035
0,0.00097071030177176,24049,3.300398349761963
0,0.000970418390352279,24099,3.1200499534606934
0,0.0009701265371404588,24149,3.1014466285705566
0,0.0009698346257209778,24199,3.4403765201568604
0,0.0009695427143014967,24249,3.46677303314209
0,0.0009692508028820157,24299,3.143688440322876
0,0.0009689588914625347,24349,3.126344919204712
0,0.0009686669800430536,24399,3.199206829071045
0,0.0009683750686235726,24449,2.895702362060547
0,0.0009680831572040915,24499,3.11108136177063
0,0.0009677913039922714,24549,3.531424045562744
0,0.0009674993925727904,24599,3.191599130630493
0,0.0009672074811533093,24649,3.078450918197632
0,0.0009669155697338283,24699,3.26039719581604
0,0.0009666236583143473,24749,3.085942029953003
0,0.0009663317468948662,24799,3.1599154472351074
0,0.0009660398354753852,24849,2.991126298904419
0,0.0009657479240559042,24899,3.0187196731567383
0,0.000965456070844084,24949,3.1430869102478027
0,0.000965164159424603,24999,3.6419837474823
0,0.000964872248005122,25049,3.172851324081421
0,0.0009645803365856409,25099,3.1664953231811523
0,0.0009642884251661599,25149,3.285907506942749
0,0.0009639965137466788,25199,3.1085405349731445
0,0.0009637046023271978,25249,3.3793256282806396
0,0.0009634126909077168,25299,3.2258174419403076
0,0.0009631207794882357,25349,2.922790288925171
0,0.0009628289262764156,25399,3.164933681488037
0,0.0009625370148569345,25449,3.080160140991211
0,0.0009622451034374535,25499,3.228214979171753
0,0.0009619531920179725,25549,3.237924337387085
0,0.0009616612805984914,25599,2.9502882957458496
0,0.0009613693691790104,25649,3.202178716659546
0,0.0009610774577595294,25699,2.838207721710205
0,0.0009607855463400483,25749,3.3154232501983643
0,0.0009604936931282282,25799,3.1557281017303467
0,0.0009602017817087471,25849,3.2238664627075195
0,0.0009599098702892661,25899,3.129518747329712
0,0.0009596179588697851,25949,3.2675211429595947
0,0.000959326047450304,25999,3.032508134841919
0,0.000959034136030823,26049,3.0721702575683594
0,0.000958742224611342,26099,3.0153074264526367
0,0.0009584503131918609,26149,2.935530424118042
0,0.0009581584599800408,26199,3.024482011795044
0,0.0009578665485605597,26249,2.989386796951294
0,0.0009575746371410787,26299,2.9953885078430176
0,0.0009572827257215977,26349,2.9865665435791016
0,0.0009569908143021166,26399,3.109492778778076
0,0.0009566989028826356,26449,3.1285500526428223
0,0.0009564069914631546,26499,3.118581771850586
0,0.0009561150800436735,26549,3.3600194454193115
0,0.0009558232268318534,26599,2.962430715560913
0,0.0009555313154123724,26649,3.0106637477874756
0,0.0009552394039928913,26699,3.1122045516967773
0,0.0009549474925734103,26749,2.9723446369171143
0,0.0009546555811539292,26799,2.8037641048431396
0,0.0009543636697344482,26849,3.338688850402832
0,0.0009540717583149672,26899,3.0076680183410645
0,0.0009537798468954861,26949,2.8161916732788086
0,0.000953487993683666,26999,3.206040620803833
0,0.000953196082264185,27049,3.0442209243774414
0,0.0009529041708447039,27099,2.986403226852417
0,0.0009526122594252229,27149,3.1307151317596436
0,0.0009523203480057418,27199,3.385669469833374
0,0.0009520284365862608,27249,3.1467626094818115
0,0.0009517365251667798,27299,3.235269784927368
0,0.0009514446137472987,27349,3.1607117652893066
0,0.0009511527023278177,27399,3.4441211223602295
0,0.0009508608491159976,27449,3.067530632019043
0,0.0009505689376965165,27499,3.0560824871063232
0,0.0009502770262770355,27549,2.91050124168396
0,0.0009499851148575544,27599,3.2703592777252197
0,0.0009496932034380734,27649,3.3628110885620117
0,0.0009494012920185924,27699,3.148710250854492
0,0.0009491093805991113,27749,2.8154349327087402
0,0.0009488174691796303,27799,3.406723737716675
0,0.0009485256159678102,27849,3.059434175491333
0,0.0009482337045483291,27899,3.3024988174438477
0,0.0009479417931288481,27949,2.8339362144470215
0,0.000947649881709367,27999,2.953068256378174
0,0.000947357970289886,28049,2.8801722526550293
0,0.000947066058870405,28099,3.2866718769073486
0,0.0009467741474509239,28149,2.912576675415039
0,0.0009464822360314429,28199,3.091581106185913
0,0.0009461903828196228,28249,3.031799554824829
0,0.0009458984714001417,28299,3.368830442428589
0,0.0009456065599806607,28349,3.3446216583251953
0,0.0009453146485611796,28399,2.927363157272339
0,0.0009450227371416986,28449,3.0348873138427734
0,0.0009447308257222176,28499,3.2520999908447266
0,0.0009444389143027365,28549,3.0720841884613037
0,0.0009441470028832555,28599,2.907517433166504
0,0.0009438551496714354,28649,2.944791793823242
0,0.0009435632382519543,28699,3.2714457511901855
0,0.0009432713268324733,28749,3.060991048812866
0,0.0009429794154129922,28799,3.035731554031372
0,0.0009426875039935112,28849,2.832998037338257
0,0.0009423955925740302,28899,3.561257839202881
0,0.0009421036811545491,28949,2.944326400756836
0,0.0009418117697350681,28999,3.203695774078369
0,0.000941519916523248,29049,3.0982656478881836
0,0.0009412280051037669,29099,2.935314178466797
0,0.0009409360936842859,29149,3.473269462585449
0,0.0009406441822648048,29199,2.9585771560668945
0,0.0009403522708453238,29249,2.9823877811431885
0,0.0009400603594258428,29299,2.8248417377471924
0,0.0009397684480063617,29349,3.167484998703003
0,0.0009394765365868807,29399,3.0524256229400635
0,0.0009391846251673996,29449,3.308320999145508
0,0.0009388927719555795,29499,3.1793644428253174
0,0.0009386008605360985,29549,2.7210299968719482
0,0.0009383089491166174,29599,2.8342349529266357
0,0.0009380170376971364,29649,3.014137029647827
0,0.0009377251262776554,29699,2.8430495262145996
0,0.0009374332148581743,29749,2.9170517921447754
0,0.0009371413034386933,29799,2.9491477012634277
0,0.0009368493920192122,29849,3.101163387298584
0,0.0009365575388073921,29899,3.1380627155303955
0,0.0009362656273879111,29949,2.986612319946289
0,0.00093597371596843,29999,3.1432018280029297
0,0.000935681804548949,30049,2.9297752380371094
0,0.000935389893129468,30099,3.1818597316741943
0,0.0009350979817099869,30149,3.2321667671203613
0,0.0009348060702905059,30199,3.05509090423584
0,0.0009345141588710248,30249,3.1910879611968994
0,0.0009342223056592047,30299,3.5791966915130615
0,0.0009339303942397237,30349,2.8140602111816406
0,0.0009336384828202426,30399,2.9547853469848633
0,0.0009333465714007616,30449,3.344050168991089
0,0.0009330546599812806,30499,3.034470796585083
0,0.0009327627485617995,30549,2.937652349472046
0,0.0009324708371423185,30599,3.2419919967651367
0,0.0009321789257228374,30649,3.0365405082702637
0,0.0009318870725110173,30699,3.175034761428833
0,0.0009315951610915363,30749,3.0621793270111084
0,0.0009313032496720552,30799,2.9485068321228027
0,0.0009310113382525742,30849,3.257901191711426
0,0.0009307194268330932,30899,3.2341291904449463
0,0.0009304275154136121,30949,3.0003457069396973
0,0.0009301356039941311,30999,2.8867876529693604
0,0.00092984369257465,31049,3.269414186477661
0,0.000929551781155169,31099,3.147915840148926
0,0.0009292599279433489,31149,3.090360164642334
0,0.0009289680165238678,31199,3.1132023334503174
0,0.0009286761051043868,31249,3.3000800609588623
0,0.0009283841936849058,31299,3.10093355178833
0,0.0009280922822654247,31349,2.9741861820220947
0,0.0009278003708459437,31399,3.419121265411377
0,0.0009275084594264627,31449,3.230017900466919
0,0.0009272165480069816,31499,2.886464834213257
0,0.0009269246947951615,31549,2.9874682426452637
0,0.0009266327833756804,31599,2.8794844150543213
0,0.0009263408719561994,31649,2.929851531982422
0,0.0009260489605367184,31699,3.0441744327545166
0,0.0009257570491172373,31749,2.9799177646636963
0,0.0009254651376977563,31799,3.2499942779541016
0,0.0009251732262782753,31849,2.9986939430236816
0,0.0009248813148587942,31899,2.9808313846588135
0,0.0009245894616469741,31949,3.1237001419067383
0,0.000924297550227493,31999,3.101699113845825
0,0.000924005638808012,32049,3.1664927005767822
0,0.000923713727388531,32099,2.906848430633545
0,0.0009234218159690499,32149,3.059725284576416
0,0.0009231299045495689,32199,3.2564797401428223
0,0.0009228379931300879,32249,2.766049861907959
0,0.0009225460817106068,32299,2.918712615966797
0,0.0009222542284987867,32349,2.884996175765991
0,0.0009219623170793056,32399,2.7887837886810303
0,0.0009216704056598246,32449,2.884413957595825
0,0.0009213784942403436,32499,3.376176118850708
0,0.0009210865828208625,32549,3.0344769954681396
0,0.0009207946714013815,32599,3.2717444896698
0,0.0009205027599819005,32649,2.898918390274048
0,0.0009202108485624194,32699,3.3507273197174072
0,0.0009199189953505993,32749,3.065246343612671
0,0.0009196270839311182,32799,3.6124515533447266
0,0.0009193351725116372,32849,2.8126766681671143
0,0.0009190432610921562,32899,3.147820472717285
0,0.0009187513496726751,32949,3.1782684326171875
0,0.0009184594382531941,32999,3.0349490642547607
0,0.0009181675268337131,33049,2.7496774196624756
0,0.000917875615414232,33099,3.0145492553710938
0,0.000917583703994751,33149,2.796776533126831
0,0.0009172918507829309,33199,3.0576272010803223
0,0.0009169999393634498,33249,2.775115966796875
0,0.0009167080279439688,33299,2.963217258453369
0,0.0009164161165244877,33349,3.1371757984161377
0,0.0009161242051050067,33399,3.0998058319091797
0,0.0009158322936855257,33449,3.1129767894744873
0,0.0009155403822660446,33499,3.4371869564056396
0,0.0009152484708465636,33549,2.994685411453247
0,0.0009149566176347435,33599,3.097980499267578
0,0.0009146647062152624,33649,2.8508012294769287
0,0.0009143727947957814,33699,3.101250648498535
0,0.0009140808833763003,33749,3.184340000152588
0,0.0009137889719568193,33799,2.6767122745513916
0,0.0009134970605373383,33849,2.8508026599884033
0,0.0009132051491178572,33899,3.102044105529785
0,0.0009129132376983762,33949,3.086730718612671
0,0.000912621384486556,33999,2.7774569988250732
0,0.000912329473067075,34049,2.997279167175293
0,0.000912037561647594,34099,2.9095966815948486
0,0.0009117456502281129,34149,3.1594502925872803
0,0.0009114537388086319,34199,2.9479730129241943
0,0.0009111618273891509,34249,3.2114500999450684
0,0.0009108699159696698,34299,2.747115135192871
0,0.0009105780045501888,34349,3.434687852859497
0,0.0009102861513383687,34399,3.2215123176574707
0,0.0009099942399188876,34449,3.1136474609375
0,0.0009097023284994066,34499,2.9992117881774902
0,0.0009094104170799255,34549,2.807805061340332
0,0.0009091185056604445,34599,2.759559154510498
0,0.0009088265942409635,34649,2.956591844558716
0,0.0009085346828214824,34699,3.0090479850769043
0,0.0009082427714020014,34749,3.040327787399292
0,0.0009079509181901813,34799,2.6821765899658203
0,0.0009076590067707002,34849,2.8412227630615234
0,0.0009073670953512192,34899,3.314544916152954
0,0.0009070751839317381,34949,3.0168118476867676
0,0.0009067832725122571,34999,3.1263105869293213
0,0.0009064913610927761,35049,2.9669790267944336
0,0.000906199449673295,35099,3.2729899883270264
0,0.000905907538253814,35149,3.392704486846924
0,0.0009056156268343329,35199,2.937012195587158
0,0.0009053237736225128,35249,2.916388750076294
0,0.0009050318622030318,35299,3.0888915061950684
0,0.0009047399507835507,35349,3.0336620807647705
0,0.0009044480393640697,35399,3.009169816970825
0,0.0009041561279445887,35449,3.0217697620391846
0,0.0009038642165251076,35499,3.130284547805786
0,0.0009035723051056266,35549,3.1107754707336426
0,0.0009032803936861455,35599,3.005972146987915
0,0.0009029885404743254,35649,2.9378390312194824
0,0.0009026966290548444,35699,2.928040027618408
0,0.0009024047176353633,35749,2.9621121883392334
0,0.0009021128062158823,35799,3.1778335571289062
0,0.0009018208947964013,35849,3.075014591217041
0,0.0009015289833769202,35899,2.9814653396606445
0,0.0009012370719574392,35949,3.046565055847168
0,0.0009009451605379581,35999,3.2107856273651123
0,0.000900653307326138,36049,2.9200191497802734
0,0.000900361395906657,36099,2.769350290298462
0,0.0009000694844871759,36149,2.9730606079101562
0,0.0008997775730676949,36199,3.2046008110046387
0,0.0008994856616482139,36249,2.9787521362304688
0,0.0008991937502287328,36299,2.8312902450561523
0,0.0008989018388092518,36349,2.670372486114502
0,0.0008986099273897707,36399,3.0665624141693115
0,0.0008983180741779506,36449,2.8397130966186523
0,0.0008980261627584696,36499,3.006028413772583
0,0.0008977342513389885,36549,2.8346736431121826
0,0.0008974423399195075,36599,2.8760972023010254
0,0.0008971504285000265,36649,2.9217188358306885
0,0.0008968585170805454,36699,2.8148386478424072
0,0.0008965666056610644,36749,3.03224778175354
0,0.0008962746942415833,36799,2.8048620223999023
0,0.0008959828410297632,36849,2.8826723098754883
0,0.0008956909296102822,36899,3.324256420135498
0,0.0008953990181908011,36949,3.020610809326172
0,0.0008951071067713201,36999,2.7980306148529053
0,0.0008948151953518391,37049,3.841310501098633
0,0.000894523283932358,37099,2.751737356185913
0,0.000894231372512877,37149,2.794144868850708
0,0.000893939461093396,37199,3.264084815979004
0,0.0008936475496739149,37249,3.028498411178589
0,0.0008933556964620948,37299,2.847583293914795
0,0.0008930637850426137,37349,3.060126304626465
0,0.0008927718736231327,37399,2.6799888610839844
0,0.0008924799622036517,37449,3.1367580890655518
0,0.0008921880507841706,37499,2.9408681392669678
0,0.0008918961393646896,37549,2.905212163925171
0,0.0008916042279452085,37599,3.084571123123169
0,0.0008913123165257275,37649,2.885011911392212
0,0.0008910204633139074,37699,3.1496453285217285
0,0.0008907285518944263,37749,2.990628957748413
0,0.0008904366404749453,37799,3.027632713317871
0,0.0008901447290554643,37849,3.1091394424438477
0,0.0008898528176359832,37899,3.319671630859375
0,0.0008895609062165022,37949,3.116831064224243
0,0.0008892689947970212,37999,2.7598674297332764
0,0.0008889770833775401,38049,3.045840263366699
0,0.00088868523016572,38099,2.6450753211975098
0,0.000888393318746239,38149,3.003939151763916
0,0.0008881014073267579,38199,3.3705103397369385
0,0.0008878094959072769,38249,2.8925459384918213
0,0.0008875175844877958,38299,2.7340762615203857
0,0.0008872256730683148,38349,3.119588851928711
0,0.0008869337616488338,38399,2.775688409805298
0,0.0008866418502293527,38449,2.8896687030792236
0,0.0008863499970175326,38499,3.0816237926483154
0,0.0008860580855980515,38549,2.9280409812927246
0,0.0008857661741785705,38599,3.2874486446380615
0,0.0008854742627590895,38649,2.9484381675720215
0,0.0008851823513396084,38699,3.0062525272369385
0,0.0008848904399201274,38749,2.9938035011291504
0,0.0008845985285006464,38799,3.197474718093872
0,0.0008843066170811653,38849,3.1862294673919678
0,0.0008840147638693452,38899,3.0958163738250732
0,0.0008837228524498641,38949,2.9386374950408936
0,0.0008834309410303831,38999,2.8281712532043457
0,0.0008831390296109021,39049,2.969674587249756
0,0.000882847118191421,39099,3.3807532787323
0,0.00088255520677194,39149,2.727513313293457
0,0.000882263295352459,39199,2.7823774814605713
0,0.0008819713839329779,39249,3.1767706871032715
0,0.0008816794725134969,39299,2.7097115516662598
0,0.0008813876193016768,39349,2.6454577445983887
0,0.0008810957078821957,39399,2.78456711769104
0,0.0008808037964627147,39449,2.825706720352173
0,0.0008805118850432336,39499,2.980780839920044
0,0.0008802199736237526,39549,2.7014355659484863
0,0.0008799280622042716,39599,2.7948055267333984
0,0.0008796361507847905,39649,3.0023868083953857
0,0.0008793442393653095,39699,2.991399049758911
0,0.0008790523861534894,39749,2.9212305545806885
0,0.0008787604747340083,39799,3.128572463989258
0,0.0008784685633145273,39849,3.1656432151794434
0,0.0008781766518950462,39899,2.83758807182312
0,0.0008778847404755652,39949,3.1509580612182617
0,0.0008775928290560842,39999,2.9439444541931152
0,0.0008773009176366031,40049,2.765446662902832
0,0.0008770090062171221,40099,3.330264091491699
0,0.000876717153005302,40149,2.940972328186035
0,0.0008764252415858209,40199,2.8884544372558594
0,0.0008761333301663399,40249,3.0420846939086914
0,0.0008758414187468588,40299,2.7148191928863525
0,0.0008755495073273778,40349,2.9757802486419678
0,0.0008752575959078968,40399,2.8304529190063477
0,0.0008749656844884157,40449,2.881648063659668
0,0.0008746737730689347,40499,3.0843305587768555
0,0.0008743819198571146,40549,2.781507730484009
0,0.0008740900084376335,40599,2.8622782230377197
0,0.0008737980970181525,40649,2.889289617538452
0,0.0008735061855986714,40699,2.849900245666504
0,0.0008732142741791904,40749,3.072481393814087
0,0.0008729223627597094,40799,2.9438178539276123
0,0.0008726304513402283,40849,3.1109776496887207
0,0.0008723385399207473,40899,2.907284736633301
0,0.0008720466867089272,40949,2.9460501670837402
0,0.0008717547752894461,40999,2.874001979827881
0,0.0008714628638699651,41049,2.9675540924072266
0,0.000871170952450484,41099,3.0099687576293945
0,0.000870879041031003,41149,2.717322826385498
0,0.000870587129611522,41199,3.128948450088501
0,0.0008702952181920409,41249,2.8953754901885986
0,0.0008700033067725599,41299,2.790658950805664
0,0.0008697113953530788,41349,2.6911864280700684
0,0.0008694195421412587,41399,2.614474058151245
0,0.0008691276307217777,41449,2.8525733947753906
0,0.0008688357193022966,41499,2.8281044960021973
0,0.0008685438078828156,41549,2.8285324573516846
0,0.0008682518964633346,41599,2.7887649536132812
0,0.0008679599850438535,41649,3.0806236267089844
0,0.0008676680736243725,41699,3.038273811340332
0,0.0008673761622048914,41749,3.4462270736694336
0,0.0008670843089930713,41799,3.3606529235839844
0,0.0008667923975735903,41849,3.048980712890625
0,0.0008665004861541092,41899,2.836618423461914
0,0.0008662085747346282,41949,2.934875249862671
0,0.0008659166633151472,41999,2.814831018447876
0,0.0008656247518956661,42049,2.9305877685546875
0,0.0008653328404761851,42099,2.842529535293579
0,0.000865040929056704,42149,2.978069543838501
0,0.0008647490758448839,42199,2.890944719314575
0,0.0008644571644254029,42249,3.051197052001953
0,0.0008641652530059218,42299,3.075934886932373
0,0.0008638733415864408,42349,3.086040735244751
0,0.0008635814301669598,42399,2.959606409072876
0,0.0008632895187474787,42449,2.7791788578033447
0,0.0008629976073279977,42499,3.0267395973205566
0,0.0008627056959085166,42549,3.612551212310791
0,0.0008624138426966965,42599,2.8774871826171875
0,0.0008621219312772155,42649,3.1747686862945557
0,0.0008618300198577344,42699,2.5431482791900635
0,0.0008615381084382534,42749,2.8268909454345703
0,0.0008612461970187724,42799,3.7197628021240234
0,0.0008609542855992913,42849,2.9373841285705566
0,0.0008606623741798103,42899,2.686466693878174
0,0.0008603704627603292,42949,2.810920238494873
0,0.0008600786095485091,42999,3.0811431407928467
0,0.0008597866981290281,43049,3.042282819747925
0,0.000859494786709547,43099,2.9636149406433105
0,0.000859202875290066,43149,2.732574939727783
0,0.000858910963870585,43199,2.904217481613159
0,0.0008586190524511039,43249,3.2188634872436523
0,0.0008583271410316229,43299,2.9538803100585938
0,0.0008580352296121418,43349,2.9471991062164307
0,0.0008577433181926608,43399,2.8526618480682373
0,0.0008574514649808407,43449,3.327207565307617
0,0.0008571595535613596,43499,2.915771722793579
0,0.0008568676421418786,43549,3.095297336578369
0,0.0008565757307223976,43599,3.1514110565185547
0,0.0008562838193029165,43649,2.842564821243286
0,0.0008559919078834355,43699,2.7919580936431885
0,0.0008556999964639544,43749,2.863046407699585
0,0.0008554080850444734,43799,2.6433017253875732
0,0.0008551162318326533,43849,3.044553279876709
0,0.0008548243204131722,43899,3.2341201305389404
0,0.0008545324089936912,43949,2.8334755897521973
0,0.0008542404975742102,43999,2.850269079208374
0,0.0008539485861547291,44049,2.683169364929199
0,0.0008536566747352481,44099,2.8887338638305664
0,0.000853364763315767,44149,3.6127395629882812
0,0.000853072851896286,44199,2.7986106872558594
0,0.0008527809986844659,44249,2.854384183883667
0,0.0008524890872649848,44299,2.828261137008667
0,0.0008521971758455038,44349,2.748666763305664
0,0.0008519052644260228,44399,3.0529613494873047
0,0.0008516133530065417,44449,2.7926220893859863
0,0.0008513214415870607,44499,3.826874017715454
0,0.0008510295301675797,44549,3.267096757888794
0,0.0008507376187480986,44599,3.2005999088287354
0,0.0008504457655362785,44649,3.031981945037842
0,0.0008501538541167974,44699,2.951699733734131
0,0.0008498619426973164,44749,2.842625141143799
0,0.0008495700312778354,44799,2.973612070083618
0,0.0008492781198583543,44849,2.8696627616882324
0,0.0008489862084388733,44899,2.8635292053222656
0,0.0008486942970193923,44949,3.0662145614624023
0,0.0008484023855999112,44999,2.896359920501709
0,0.0008481105323880911,45049,2.973851203918457
0,0.00084781862096861,45099,3.1304070949554443
0,0.000847526709549129,45149,2.9259984493255615
0,0.000847234798129648,45199,3.0998966693878174
0,0.0008469428867101669,45249,2.6256985664367676
0,0.0008466509752906859,45299,3.1892342567443848
0,0.0008463590638712049,45349,2.888829231262207
0,0.0008460671524517238,45399,2.8296706676483154
0,0.0008457752410322428,45449,3.07879376411438
0,0.0008454833878204226,45499,3.0073843002319336
0,0.0008451914764009416,45549,2.97359561920166
0,0.0008448995649814606,45599,3.0017459392547607
0,0.0008446076535619795,45649,2.6435463428497314
0,0.0008443157421424985,45699,2.9962844848632812
0,0.0008440238307230175,45749,3.302191734313965
0,0.0008437319193035364,45799,2.795417308807373
0,0.0008434400078840554,45849,2.894876718521118
0,0.0008431481546722353,45899,3.1126797199249268
0,0.0008428562432527542,45949,2.7106900215148926
0,0.0008425643318332732,45999,2.8045525550842285
0,0.0008422724204137921,46049,2.8881008625030518
0,0.0008419805089943111,46099,2.990356683731079
0,0.0008416885975748301,46149,2.9205336570739746
0,0.000841396686155349,46199,3.044006586074829
0,0.000841104774735868,46249,3.269737720489502
0,0.0008408129215240479,46299,2.7752091884613037
0,0.0008405210101045668,46349,2.8857407569885254
0,0.0008402290986850858,46399,3.0086636543273926
0,0.0008399371872656047,46449,3.1158287525177
0,0.0008396452758461237,46499,2.903765916824341
0,0.0008393533644266427,46549,2.8107924461364746
0,0.0008390614530071616,46599,3.090010404586792
0,0.0008387695415876806,46649,3.2607858180999756
0,0.0008384776883758605,46699,3.0602071285247803
0,0.0008381857769563794,46749,2.80515456199646
0,0.0008378938655368984,46799,3.0038492679595947
0,0.0008376019541174173,46849,2.7765307426452637
0,0.0008373100426979363,46899,2.828871250152588
0,0.0008370181312784553,46949,2.758073091506958
0,0.0008367262198589742,46999,3.2035555839538574
0,0.0008364343084394932,47049,2.681891918182373
0,0.0008361423970200121,47099,2.759477376937866
0,0.000835850543808192,47149,2.674534797668457
0,0.000835558632388711,47199,3.0172781944274902
0,0.0008352667209692299,47249,2.730513095855713
0,0.0008349748095497489,47299,2.988070249557495
0,0.0008346828981302679,47349,2.9983575344085693
0,0.0008343909867107868,47399,2.71130108833313
0,0.0008340990752913058,47449,3.4007644653320312
0,0.0008338071638718247,47499,3.1505825519561768
0,0.0008335153106600046,47549,3.075852870941162
0,0.0008332233992405236,47599,2.78196382522583
0,0.0008329314878210425,47649,2.8813610076904297
0,0.0008326395764015615,47699,2.751643419265747
0,0.0008323476649820805,47749,2.7842204570770264
0,0.0008320557535625994,47799,2.6761207580566406
0,0.0008317638421431184,47849,3.0285885334014893
0,0.0008314719307236373,47899,2.803469657897949
0,0.0008311800775118172,47949,2.947643995285034
0,0.0008308881660923362,47999,2.7051331996917725
0,0.0008305962546728551,48049,2.9355838298797607
0,0.0008303043432533741,48099,3.2831480503082275
0,0.0008300124318338931,48149,2.7877039909362793
0,0.000829720520414412,48199,2.6400225162506104
0,0.000829428608994931,48249,3.036365509033203
0,0.0008291366975754499,48299,2.6123735904693604
0,0.0008288448443636298,48349,2.7302074432373047
0,0.0008285529329441488,48399,2.979374408721924
0,0.0008282610215246677,48449,2.8533709049224854
0,0.0008279691101051867,48499,2.91109299659729
0,0.0008276771986857057,48549,2.848604679107666
0,0.0008273852872662246,48599,2.9572181701660156
0,0.0008270933758467436,48649,3.3866488933563232
0,0.0008268014644272625,48699,2.73551607131958
0,0.0008265096112154424,48749,2.7261204719543457
0,0.0008262176997959614,48799,2.8171255588531494
0,0.0008259257883764803,48849,3.149165153503418
0,0.0008256338769569993,48899,2.8892457485198975
0,0.0008253419655375183,48949,2.889833688735962
0,0.0008250500541180372,48999,3.0344760417938232
0,0.0008247581426985562,49049,3.0107946395874023
0,0.0008244662312790751,49099,2.8410322666168213
0,0.0008241743198595941,49149,2.8445487022399902
0,0.000823882466647774,49199,2.783360242843628
0,0.0008235905552282929,49249,2.770324230194092
0,0.0008232986438088119,49299,2.9266726970672607
0,0.0008230067323893309,49349,3.0203702449798584
0,0.0008227148209698498,49399,3.050518035888672
0,0.0008224229095503688,49449,2.865227699279785
0,0.0008221309981308877,49499,2.8777365684509277
0,0.0008218390867114067,49549,2.6470940113067627
0,0.0008215472334995866,49599,2.8366682529449463
0,0.0008212553220801055,49649,3.0369632244110107
0,0.0008209634106606245,49699,2.7715067863464355
0,0.0008206714992411435,49749,3.223059892654419
0,0.0008203795878216624,49799,2.9313290119171143
0,0.0008200876764021814,49849,2.8419606685638428
0,0.0008197957649827003,49899,2.9003708362579346
0,0.0008195038535632193,49949,3.3071320056915283
0,0.0008192120003513992,49999,2.8891100883483887
0,0.0008189200889319181,50049,2.8431320190429688
0,0.0008186281775124371,50099,2.888991355895996
0,0.0008183362660929561,50149,2.880112409591675
0,0.000818044354673475,50199,2.844473361968994
0,0.000817752443253994,50249,2.8399605751037598
0,0.000817460531834513,50299,2.7706298828125
0,0.0008171686204150319,50349,2.8474464416503906
0,0.0008168767672032118,50399,3.217510223388672
0,0.0008165848557837307,50449,2.8785109519958496
0,0.0008162929443642497,50499,2.665201187133789
0,0.0008160010329447687,50549,3.032687187194824
0,0.0008157091215252876,50599,2.9455854892730713
0,0.0008154172101058066,50649,2.8594207763671875
0,0.0008151252986863256,50699,2.757155656814575
0,0.0008148333872668445,50749,3.117703437805176
0,0.0008145415340550244,50799,2.729109525680542
0,0.0008142496226355433,50849,2.8435256481170654
0,0.0008139577112160623,50899,3.0698869228363037
0,0.0008136657997965813,50949,2.934573173522949
0,0.0008133738883771002,50999,3.2246053218841553
0,0.0008130819769576192,51049,2.8312625885009766
0,0.0008127900655381382,51099,3.3037710189819336
0,0.0008124981541186571,51149,2.6044669151306152
0,0.0008122062426991761,51199,2.835219621658325
0,0.000811914389487356,51249,2.8116838932037354
0,0.0008116224780678749,51299,2.7503318786621094
0,0.0008113305666483939,51349,2.640996217727661
0,0.0008110386552289128,51399,2.9855706691741943
0,0.0008107467438094318,51449,3.0078704357147217
0,0.0008104548323899508,51499,2.842860221862793
0,0.0008101629209704697,51549,2.6897168159484863
0,0.0008098710095509887,51599,2.8283231258392334
0,0.0008095791563391685,51649,3.0230202674865723
0,0.0008092872449196875,51699,3.143021583557129
0,0.0008089953335002065,51749,3.200867176055908
0,0.0008087034220807254,51799,2.7731199264526367
0,0.0008084115106612444,51849,2.9241974353790283
0,0.0008081195992417634,51899,3.0871517658233643
0,0.0008078276878222823,51949,2.9672794342041016
0,0.0008075357764028013,51999,2.852854013442993
0,0.0008072439231909811,52049,2.822594404220581
0,0.0008069520117715001,52099,3.034884214401245
0,0.0008066601003520191,52149,3.0112080574035645
0,0.000806368188932538,52199,2.868547201156616
0,0.000806076277513057,52249,2.9662106037139893
0,0.000805784366093576,52299,3.4656529426574707
0,0.0008054924546740949,52349,3.0317223072052
0,0.0008052005432546139,52399,2.742755174636841
0,0.0008049086900427938,52449,2.8051764965057373
0,0.0008046167786233127,52499,2.861138343811035
0,0.0008043248672038317,52549,2.900585412979126
0,0.0008040329557843506,52599,2.862886667251587
0,0.0008037410443648696,52649,2.924823045730591
0,0.0008034491329453886,52699,3.092454433441162
0,0.0008031572215259075,52749,3.1737632751464844
0,0.0008028653101064265,52799,2.8892643451690674
0,0.0008025734568946064,52849,3.210259437561035
0,0.0008022815454751253,52899,3.3966426849365234
0,0.0008019896340556443,52949,2.7530288696289062
0,0.0008016977226361632,52999,3.0488765239715576
0,0.0008014058112166822,53049,2.7630114555358887
0,0.0008011138997972012,53099,2.931753635406494
0,0.0008008219883777201,53149,2.923389434814453
0,0.0008005300769582391,53199,2.8304824829101562
0,0.000800238165538758,53249,2.738175868988037
0,0.0007999463123269379,53299,3.231064558029175
0,0.0007996544009074569,53349,2.9159929752349854
0,0.0007993624894879758,53399,2.9516000747680664
0,0.0007990705780684948,53449,2.9113337993621826
0,0.0007987786666490138,53499,3.089042901992798
0,0.0007984867552295327,53549,3.0350921154022217
0,0.0007981948438100517,53599,3.5072848796844482
0,0.0007979029323905706,53649,2.752971649169922
0,0.0007976110791787505,53699,3.0151660442352295
0,0.0007973191677592695,53749,3.0108442306518555
0,0.0007970272563397884,53799,2.721280813217163
0,0.0007967353449203074,53849,2.938088893890381
0,0.0007964434335008264,53899,3.1049325466156006
0,0.0007961515220813453,53949,2.973418951034546
0,0.0007958596106618643,53999,2.8829503059387207
0,0.0007955676992423832,54049,2.772653341293335
0,0.0007952758460305631,54099,2.9053730964660645
0,0.0007949839346110821,54149,2.9991629123687744
0,0.000794692023191601,54199,2.7928574085235596
0,0.00079440011177212,54249,3.1457314491271973
0,0.000794108200352639,54299,2.8263347148895264
0,0.0007938162889331579,54349,2.682429313659668
0,0.0007935243775136769,54399,2.8101253509521484
0,0.0007932324660941958,54449,3.169863700866699
0,0.0007929406128823757,54499,2.9088728427886963
0,0.0007926487014628947,54549,3.1633739471435547
0,0.0007923567900434136,54599,2.7140424251556396
0,0.0007920648786239326,54649,2.7893788814544678
0,0.0007917729672044516,54699,3.0761280059814453
0,0.0007914810557849705,54749,2.968080759048462
0,0.0007911891443654895,54799,2.8406307697296143
0,0.0007908972329460084,54849,2.8502755165100098
0,0.0007906053797341883,54899,2.9650254249572754
0,0.0007903134683147073,54949,2.87817645072937
0,0.0007900215568952262,54999,2.8002398014068604
0,0.0007897296454757452,55049,3.2202975749969482
0,0.0007894377340562642,55099,3.2554497718811035
0,0.0007891458226367831,55149,2.9306530952453613
0,0.0007888539112173021,55199,2.79115891456604
0,0.000788561999797821,55249,2.825300455093384
0,0.00078827008837834,55299,2.8756439685821533
0,0.0007879782351665199,55349,3.260319709777832
0,0.0007876863237470388,55399,3.0641300678253174
0,0.0007873944123275578,55449,2.5927507877349854
0,0.0007871025009080768,55499,2.833077907562256
0,0.0007868105894885957,55549,3.2163033485412598
0,0.0007865186780691147,55599,2.6791229248046875
0,0.0007862267666496336,55649,2.9921140670776367
0,0.0007859348552301526,55699,2.7268362045288086
0,0.0007856430020183325,55749,3.3020899295806885
0,0.0007853510905988514,55799,3.0316109657287598
0,0.0007850591791793704,55849,2.8710741996765137
0,0.0007847672677598894,55899,2.8670523166656494
0,0.0007844753563404083,55949,2.8761751651763916
0,0.0007841834449209273,55999,2.79890513420105
0,0.0007838915335014462,56049,2.9234659671783447
0,0.0007835996220819652,56099,2.8344554901123047
0,0.0007833077688701451,56149,2.9157657623291016
0,0.000783015857450664,56199,2.7889907360076904
0,0.000782723946031183,56249,2.9108502864837646
0,0.000782432034611702,56299,3.0577988624572754
0,0.0007821401231922209,56349,2.9414892196655273
0,0.0007818482117727399,56399,2.895805597305298
0,0.0007815563003532588,56449,2.6949007511138916
0,0.0007812643889337778,56499,3.0173888206481934
0,0.0007809725357219577,56549,2.923388957977295
0,0.0007806806243024766,56599,2.85448956489563
0,0.0007803887128829956,56649,2.7457098960876465
0,0.0007800968014635146,56699,2.8618457317352295
0,0.0007798048900440335,56749,3.2531163692474365
0,0.0007795129786245525,56799,2.624643087387085
0,0.0007792210672050714,56849,3.0818932056427
0,0.0007789291557855904,56899,2.9228463172912598
0,0.0007786373025737703,56949,2.9016542434692383
0,0.0007783453911542892,56999,2.7331316471099854
0,0.0007780534797348082,57049,2.860956907272339
0,0.0007777615683153272,57099,3.00738525390625
0,0.0007774696568958461,57149,2.826093912124634
0,0.0007771777454763651,57199,2.747816324234009
0,0.000776885834056884,57249,2.882460355758667
0,0.000776593922637403,57299,2.8221964836120605
0,0.000776302011217922,57349,2.926109790802002
0,0.0007760101580061018,57399,2.6566760540008545
0,0.0007757182465866208,57449,2.91379976272583
0,0.0007754263351671398,57499,3.0079715251922607
0,0.0007751344237476587,57549,2.654472589492798
0,0.0007748425123281777,57599,2.9963653087615967
0,0.0007745506009086967,57649,2.8540239334106445
0,0.0007742586894892156,57699,2.925291061401367
0,0.0007739667780697346,57749,2.7923691272735596
0,0.0007736749248579144,57799,3.001211643218994
0,0.0007733830134384334,57849,3.0867228507995605
0,0.0007730911020189524,57899,2.8512442111968994
0,0.0007727991905994713,57949,3.116502523422241
0,0.0007725072791799903,57999,2.964496612548828
0,0.0007722153677605093,58049,2.767498731613159
0,0.0007719234563410282,58099,3.128140926361084
0,0.0007716315449215472,58149,2.9204819202423096
0,0.000771339691709727,58199,3.119799852371216
0,0.000771047780290246,58249,2.667719602584839
0,0.000770755868870765,58299,2.8760273456573486
0,0.0007704639574512839,58349,2.9819014072418213
0,0.0007701720460318029,58399,2.8465399742126465
0,0.0007698801346123219,58449,2.878857135772705
0,0.0007695882231928408,58499,3.105281352996826
0,0.0007692963117733598,58549,2.966043472290039
0,0.0007690044585615396,58599,3.103928327560425
0,0.0007687125471420586,58649,2.728614330291748
0,0.0007684206357225776,58699,2.8539140224456787
0,0.0007681287243030965,58749,2.954937219619751
0,0.0007678368128836155,58799,2.723581552505493
0,0.0007675449014641345,58849,2.9485578536987305
0,0.0007672529900446534,58899,2.96816086769104
0,0.0007669610786251724,58949,3.086272716522217
0,0.0007666692254133523,58999,4.204348087310791
0,0.0007663773139938712,59049,2.666668176651001
0,0.0007660854025743902,59099,3.100950241088867
0,0.0007657934911549091,59149,3.163510322570801
0,0.0007655015797354281,59199,2.7554593086242676
0,0.0007652096683159471,59249,2.7465341091156006
0,0.000764917756896466,59299,2.62886905670166
0,0.000764625845476985,59349,2.8878235816955566
0,0.0007643339340575039,59399,2.8424911499023438
0,0.0007640420808456838,59449,2.5858612060546875
0,0.0007637501694262028,59499,3.1029036045074463
0,0.0007634582580067217,59549,2.7569518089294434
0,0.0007631663465872407,59599,2.8662431240081787
0,0.0007628744351677597,59649,3.0246317386627197
0,0.0007625825237482786,59699,3.185924768447876
0,0.0007622906123287976,59749,2.810594320297241
0,0.0007619987009093165,59799,3.013890504837036
0,0.0007617068476974964,59849,3.2778708934783936
0,0.0007614149362780154,59899,2.719494342803955
0,0.0007611230248585343,59949,3.085197925567627
0,0.0007608311134390533,59999,3.1431801319122314
0,0.0007605392020195723,60049,2.9645886421203613
0,0.0007602472906000912,60099,2.8074913024902344
0,0.0007599553791806102,60149,3.1944665908813477
0,0.0007596634677611291,60199,3.0548102855682373
0,0.000759371614549309,60249,3.3112869262695312
0,0.000759079703129828,60299,2.7616965770721436
0,0.0007587877917103469,60349,3.394864559173584
0,0.0007584958802908659,60399,3.299206495285034
0,0.0007582039688713849,60449,2.811211347579956
0,0.0007579120574519038,60499,2.8671202659606934
0,0.0007576201460324228,60549,2.7443888187408447
0,0.0007573282346129417,60599,2.679908275604248
0,0.0007570363814011216,60649,3.0464863777160645
0,0.0007567444699816406,60699,3.1787426471710205
0,0.0007564525585621595,60749,3.064373731613159
0,0.0007561606471426785,60799,2.8196659088134766
0,0.0007558687357231975,60849,3.1631479263305664
0,0.0007555768243037164,60899,2.6818809509277344
0,0.0007552849128842354,60949,2.889930248260498
0,0.0007549930014647543,60999,2.6324477195739746
0,0.0007547011482529342,61049,2.627333641052246
0,0.0007544092368334532,61099,3.0088706016540527
0,0.0007541173254139721,61149,2.9803690910339355
0,0.0007538254139944911,61199,2.864647388458252
0,0.0007535335025750101,61249,2.7956905364990234
0,0.000753241591155529,61299,2.8436474800109863
0,0.000752949679736048,61349,2.6728196144104004
0,0.0007526577683165669,61399,2.8472859859466553
0,0.0007523658568970859,61449,2.646085023880005
0,0.0007520740036852658,61499,2.77374267578125
0,0.0007517820922657847,61549,2.5764477252960205
0,0.0007514901808463037,61599,2.8606011867523193
0,0.0007511982694268227,61649,2.8034403324127197
0,0.0007509063580073416,61699,3.0323123931884766
0,0.0007506144465878606,61749,2.8442747592926025
0,0.0007503225351683795,61799,2.859177827835083
0,0.0007500306237488985,61849,2.7564163208007812
0,0.0007497387705370784,61899,3.0681586265563965
0,0.0007494468591175973,61949,2.9374008178710938
0,0.0007491549476981163,61999,3.1076743602752686
0,0.0007488630362786353,62049,2.957242012023926
0,0.0007485711248591542,62099,2.713405132293701
0,0.0007482792134396732,62149,2.9032318592071533
0,0.0007479873020201921,62199,2.701667070388794
0,0.0007476953906007111,62249,2.7838423252105713
0,0.000747403537388891,62299,3.0486297607421875
0,0.0007471116259694099,62349,2.7829697132110596
0,0.0007468197145499289,62399,2.9597604274749756
0,0.0007465278031304479,62449,3.035574436187744
0,0.0007462358917109668,62499,2.9416427612304688
0,0.0007459439802914858,62549,2.813045024871826
0,0.0007456520688720047,62599,3.298142671585083
0,0.0007453601574525237,62649,3.0287859439849854
0,0.0007450683042407036,62699,2.7923879623413086
0,0.0007447763928212225,62749,2.990196704864502
0,0.0007444844814017415,62799,2.7533154487609863
0,0.0007441925699822605,62849,2.8491439819335938
0,0.0007439006585627794,62899,2.7437825202941895
0,0.0007436087471432984,62949,2.8258309364318848
0,0.0007433168357238173,62999,3.157273769378662
0,0.0007430249243043363,63049,3.031754732131958
0,0.0007427330128848553,63099,2.8957505226135254
0,0.0007424411596730351,63149,3.3409764766693115
0,0.0007421492482535541,63199,2.694597005844116
0,0.0007418573368340731,63249,2.5870378017425537
0,0.000741565425414592,63299,3.048570394515991
0,0.000741273513995111,63349,2.817131519317627
0,0.00074098160257563,63399,2.718632936477661
0,0.0007406896911561489,63449,2.6085054874420166
0,0.0007403977797366679,63499,2.6702182292938232
0,0.0007401059265248477,63549,3.438305139541626
0,0.0007398140151053667,63599,2.931384563446045
0,0.0007395221036858857,63649,3.402040958404541
0,0.0007392301922664046,63699,2.8891375064849854
0,0.0007389382808469236,63749,2.9104809761047363
0,0.0007386463694274426,63799,2.7503244876861572
0,0.0007383544580079615,63849,2.8396639823913574
0,0.0007380625465884805,63899,2.6409997940063477
0,0.0007377706933766603,63949,2.913750648498535
0,0.0007374787819571793,63999,2.9635660648345947
0,0.0007371868705376983,64049,2.8075664043426514
0,0.0007368949591182172,64099,2.7227189540863037
0,0.0007366030476987362,64149,2.950418472290039
0,0.0007363111362792552,64199,2.9385881423950195
0,0.0007360192248597741,64249,2.836428642272949
0,0.0007357273134402931,64299,2.751812696456909
0,0.000735435460228473,64349,3.1710267066955566
0,0.0007351435488089919,64399,2.899672269821167
0,0.0007348516373895109,64449,2.788435459136963
0,0.0007345597259700298,64499,3.204434633255005
0,0.0007342678145505488,64549,2.7492244243621826
0,0.0007339759031310678,64599,2.7287254333496094
0,0.0007336839917115867,64649,2.705263137817383
0,0.0007333920802921057,64699,2.7008280754089355
0,0.0007331002270802855,64749,2.8366200923919678
0,0.0007328083156608045,64799,3.0492074489593506
0,0.0007325164042413235,64849,2.784780263900757
0,0.0007322244928218424,64899,2.852965831756592
0,0.0007319325814023614,64949,2.719184160232544
0,0.0007316406699828804,64999,2.76684832572937
0,0.0007313487585633993,65049,3.0998435020446777
0,0.0007310568471439183,65099,2.789227247238159
0,0.0007307649357244372,65149,3.095323085784912
0,0.0007304730825126171,65199,3.1645712852478027
0,0.0007301811710931361,65249,2.936103105545044
0,0.000729889259673655,65299,2.740729331970215
0,0.000729597348254174,65349,3.130901575088501
0,0.000729305436834693,65399,3.357762575149536
0,0.0007290135254152119,65449,2.6099579334259033
0,0.0007287216139957309,65499,2.8073031902313232
0,0.0007284297025762498,65549,3.0924930572509766
0,0.0007281378493644297,65599,2.9427638053894043
0,0.0007278459379449487,65649,2.8095896244049072
0,0.0007275540265254676,65699,2.603595018386841
0,0.0007272621151059866,65749,2.955693006515503
0,0.0007269702036865056,65799,2.701831817626953
0,0.0007266782922670245,65849,2.799919605255127
0,0.0007263863808475435,65899,2.8171334266662598
0,0.0007260944694280624,65949,3.04317045211792
0,0.0007258026162162423,65999,2.7398202419281006
0,0.0007255107047967613,66049,2.581132411956787
0,0.0007252187933772802,66099,2.9882752895355225
0,0.0007249268819577992,66149,2.7398576736450195
0,0.0007246349705383182,66199,2.9640250205993652
0,0.0007243430591188371,66249,2.952672004699707
0,0.0007240511476993561,66299,2.959311008453369
0,0.000723759236279875,66349,2.818842887878418
0,0.0007234673830680549,66399,2.865320920944214
0,0.0007231754716485739,66449,3.1360936164855957
0,0.0007228835602290928,66499,3.2304067611694336
0,0.0007225916488096118,66549,2.715496778488159
0,0.0007222997373901308,66599,2.9016916751861572
0,0.0007220078259706497,66649,2.8013932704925537
0,0.0007217159145511687,66699,2.8767096996307373
0,0.0007214240031316876,66749,2.9328246116638184
0,0.0007211321499198675,66799,3.1262683868408203
0,0.0007208402385003865,66849,3.0449166297912598
0,0.0007205483270809054,66899,3.2041475772857666
0,0.0007202564156614244,66949,2.803903102874756
0,0.0007199645042419434,66999,3.3831138610839844
0,0.0007196725928224623,67049,2.7320425510406494
0,0.0007193806814029813,67099,2.868868589401245
0,0.0007190887699835002,67149,3.4574193954467773
0,0.0007187968585640192,67199,3.056293487548828
0,0.0007185050053521991,67249,2.7151999473571777
0,0.000718213093932718,67299,2.644742250442505
0,0.000717921182513237,67349,2.915651798248291
0,0.000717629271093756,67399,3.354491710662842
0,0.0007173373596742749,67449,2.721039295196533
0,0.0007170454482547939,67499,3.015831470489502
0,0.0007167535368353128,67549,2.83019757270813
0,0.0007164616254158318,67599,3.1019163131713867
0,0.0007161697722040117,67649,2.9904513359069824
0,0.0007158778607845306,67699,2.857907295227051
0,0.0007155859493650496,67749,3.0699336528778076
0,0.0007152940379455686,67799,3.0859785079956055
0,0.0007150021265260875,67849,3.0532188415527344
0,0.0007147102151066065,67899,3.0092837810516357
0,0.0007144183036871254,67949,2.7835068702697754
0,0.0007141263922676444,67999,3.1062569618225098
0,0.0007138345390558243,68049,2.8937456607818604
0,0.0007135426276363432,68099,2.9783477783203125
0,0.0007132507162168622,68149,2.621539354324341
0,0.0007129588047973812,68199,2.922764539718628
0,0.0007126668933779001,68249,2.6743669509887695
0,0.0007123749819584191,68299,3.231083393096924
0,0.000712083070538938,68349,2.8676230907440186
0,0.000711791159119457,68399,2.67757511138916
0,0.0007114993059076369,68449,2.8568084239959717
0,0.0007112073944881558,68499,3.2039153575897217
0,0.0007109154830686748,68549,2.83219313621521
0,0.0007106235716491938,68599,2.708514928817749
0,0.0007103316602297127,68649,3.027517557144165
0,0.0007100397488102317,68699,2.7770214080810547
0,0.0007097478373907506,68749,2.5783114433288574
0,0.0007094559259712696,68799,2.9537885189056396
0,0.0007091640727594495,68849,2.6972007751464844
0,0.0007088721613399684,68899,2.7233974933624268
0,0.0007085802499204874,68949,2.6661288738250732
0,0.0007082883385010064,68999,2.735361337661743
0,0.0007079964270815253,69049,2.9214093685150146
0,0.0007077045156620443,69099,2.9933173656463623
0,0.0007074126042425632,69149,2.8706512451171875
0,0.0007071206928230822,69199,3.1302504539489746
0,0.0007068287814036012,69249,2.670464277267456
0,0.000706536928191781,69299,3.0248525142669678
0,0.0007062450167723,69349,2.657949924468994
0,0.000705953105352819,69399,3.3290975093841553
0,0.0007056611939333379,69449,2.6342432498931885
0,0.0007053692825138569,69499,2.892509937286377
0,0.0007050773710943758,69549,2.5979108810424805
0,0.0007047854596748948,69599,3.0070879459381104
0,0.0007044935482554138,69649,2.7815420627593994
0,0.0007042016950435936,69699,3.4048080444335938
0,0.0007039097836241126,69749,2.606701135635376
0,0.0007036178722046316,69799,2.9073386192321777
0,0.0007033259607851505,69849,3.021918535232544
0,0.0007030340493656695,69899,2.7009193897247314
0,0.0007027421379461884,69949,2.638932466506958
0,0.0007024502265267074,69999,2.6384811401367188
0,0.0007021583151072264,70049,2.9040944576263428
0,0.0007018664618954062,70099,2.977973222732544
0,0.0007015745504759252,70149,2.7065281867980957
0,0.0007012826390564442,70199,3.0905988216400146
0,0.0007009907276369631,70249,2.7610340118408203
0,0.0007006988162174821,70299,3.2727012634277344
0,0.000700406904798001,70349,2.7166154384613037
0,0.00070011499337852,70399,2.8679091930389404
0,0.000699823081959039,70449,3.351062059402466
0,0.0006995312287472188,70499,2.820892810821533
0,0.0006992393173277378,70549,3.3056640625
0,0.0006989474059082568,70599,2.8975038528442383
0,0.0006986554944887757,70649,2.813509702682495
0,0.0006983635830692947,70699,2.7586777210235596
0,0.0006980716716498137,70749,2.870182991027832
0,0.0006977797602303326,70799,3.028705358505249
0,0.0006974878488108516,70849,2.858534574508667
0,0.0006971959955990314,70899,2.8899385929107666
0,0.0006969040841795504,70949,2.9040768146514893
0,0.0006966121727600694,70999,2.691483497619629
0,0.0006963202613405883,71049,2.892038106918335
0,0.0006960283499211073,71099,3.009678602218628
0,0.0006957364385016263,71149,3.1305794715881348
0,0.0006954445270821452,71199,2.788592576980591
0,0.0006951526156626642,71249,3.051487445831299
0,0.0006948607042431831,71299,2.7746660709381104
0,0.000694568851031363,71349,2.7961549758911133
0,0.000694276939611882,71399,2.860750198364258
0,0.0006939850281924009,71449,3.0947136878967285
0,0.0006936931167729199,71499,3.008434295654297
0,0.0006934012053534389,71549,2.978935718536377
0,0.0006931092939339578,71599,2.862921953201294
0,0.0006928173825144768,71649,2.9747085571289062
0,0.0006925254710949957,71699,2.9218976497650146
0,0.0006922336178831756,71749,2.8467254638671875
0,0.0006919417064636946,71799,2.681727409362793
0,0.0006916497950442135,71849,3.0258729457855225
0,0.0006913578836247325,71899,2.8496344089508057
0,0.0006910659722052515,71949,2.757662296295166
0,0.0006907740607857704,71999,2.7693893909454346
0,0.0006904821493662894,72049,2.798076629638672
0,0.0006901902379468083,72099,2.888762950897217
0,0.0006898983847349882,72149,3.1303491592407227
0,0.0006896064733155072,72199,2.7744791507720947
0,0.0006893145618960261,72249,2.7177441120147705
0,0.0006890226504765451,72299,2.795570135116577
0,0.0006887307390570641,72349,2.6548893451690674
0,0.000688438827637583,72399,2.9015767574310303
0,0.000688146916218102,72449,2.986266851425171
0,0.0006878550047986209,72499,2.8636975288391113
0,0.0006875631515868008,72549,2.9643986225128174
0,0.0006872712401673198,72599,2.7375478744506836
0,0.0006869793287478387,72649,3.2258057594299316
0,0.0006866874173283577,72699,2.710266590118408
0,0.0006863955059088767,72749,2.7693727016448975
0,0.0006861035944893956,72799,2.6632907390594482
0,0.0006858116830699146,72849,3.1391713619232178
0,0.0006855197716504335,72899,3.2578678131103516
0,0.0006852279184386134,72949,2.605872392654419
0,0.0006849360070191324,72999,2.6746175289154053
0,0.0006846440955996513,73049,2.9504077434539795
0,0.0006843521841801703,73099,2.768423318862915
0,0.0006840602727606893,73149,2.8895912170410156
0,0.0006837683613412082,73199,3.053926706314087
0,0.0006834764499217272,73249,2.840031385421753
0,0.0006831845385022461,73299,3.1913039684295654
0,0.0006828926270827651,73349,2.5969626903533936
0,0.000682600773870945,73399,3.0880300998687744
0,0.0006823088624514639,73449,2.8065056800842285
0,0.0006820169510319829,73499,2.952481269836426
0,0.0006817250396125019,73549,2.7318050861358643
0,0.0006814331281930208,73599,3.3504903316497803
0,0.0006811412167735398,73649,2.7449915409088135
0,0.0006808493053540587,73699,2.7988779544830322
0,0.0006805573939345777,73749,2.812088966369629
0,0.0006802655407227576,73799,3.0641398429870605
0,0.0006799736293032765,73849,2.813356637954712
0,0.0006796817178837955,73899,2.6958372592926025
0,0.0006793898064643145,73949,2.777549982070923
0,0.0006790978950448334,73999,2.774770498275757
0,0.0006788059836253524,74049,2.7915210723876953
0,0.0006785140722058713,74099,2.8786633014678955
0,0.0006782221607863903,74149,2.7642502784729004
0,0.0006779303075745702,74199,3.0346357822418213
0,0.0006776383961550891,74249,3.220075845718384
0,0.0006773464847356081,74299,3.2379493713378906
0,0.0006770545733161271,74349,3.3707964420318604
0,0.000676762661896646,74399,2.9444379806518555
0,0.000676470750477165,74449,2.802501916885376
0,0.0006761788390576839,74499,2.875190496444702
0,0.0006758869276382029,74549,2.7687017917633057
0,0.0006755950744263828,74599,2.7868287563323975
0,0.0006753031630069017,74649,2.9142751693725586
0,0.0006750112515874207,74699,3.0793421268463135
0,0.0006747193401679397,74749,2.9004673957824707
0,0.0006744274287484586,74799,2.8073196411132812
0,0.0006741355173289776,74849,2.848775863647461
0,0.0006738436059094965,74899,2.9857287406921387
0,0.0006735516944900155,74949,2.7928342819213867
0,0.0006732598412781954,74999,3.581576347351074
0,0.0006729679298587143,75049,2.875983476638794
0,0.0006726760184392333,75099,2.618464708328247
0,0.0006723841070197523,75149,2.8046624660491943
0,0.0006720921956002712,75199,2.645179510116577
0,0.0006718002841807902,75249,2.858394145965576
0,0.0006715083727613091,75299,2.8628363609313965
0,0.0006712164613418281,75349,3.0470082759857178
0,0.0006709245499223471,75399,3.2824530601501465
0,0.0006706326967105269,75449,2.773376226425171
0,0.0006703407852910459,75499,2.6295738220214844
0,0.0006700488738715649,75549,2.898355007171631
0,0.0006697569624520838,75599,2.754427909851074
0,0.0006694650510326028,75649,2.6878745555877686
0,0.0006691731396131217,75699,3.1224775314331055
0,0.0006688812281936407,75749,2.806812047958374
0,0.0006685893167741597,75799,2.7769289016723633
0,0.0006682974635623395,75849,2.985896110534668
0,0.0006680055521428585,75899,2.7772040367126465
0,0.0006677136407233775,75949,2.6740972995758057
0,0.0006674217293038964,75999,3.322023868560791
0,0.0006671298178844154,76049,2.869147777557373
0,0.0006668379064649343,76099,2.7895843982696533
0,0.0006665459950454533,76149,2.834416389465332
0,0.0006662540836259723,76199,2.9301068782806396
0,0.0006659622304141521,76249,2.9238028526306152
0,0.0006656703189946711,76299,2.6754868030548096
0,0.0006653784075751901,76349,2.831068754196167
0,0.000665086496155709,76399,2.6997320652008057
0,0.000664794584736228,76449,3.254892587661743
0,0.000664502673316747,76499,2.7969136238098145
0,0.0006642107618972659,76549,2.7807650566101074
0,0.0006639188504777849,76599,2.686163902282715
0,0.0006636269972659647,76649,2.904877185821533
0,0.0006633350858464837,76699,2.575819492340088
0,0.0006630431744270027,76749,3.1039605140686035
0,0.0006627512630075216,76799,2.9567039012908936
0,0.0006624593515880406,76849,2.850961208343506
0,0.0006621674401685596,76899,2.7166457176208496
0,0.0006618755287490785,76949,2.8879566192626953
0,0.0006615836173295975,76999,2.998617172241211
0,0.0006612917641177773,77049,3.0263774394989014
0,0.0006609998526982963,77099,2.8125123977661133
0,0.0006607079412788153,77149,2.702058792114258
0,0.0006604160298593342,77199,2.765798568725586
0,0.0006601241184398532,77249,3.8374810218811035
0,0.0006598322070203722,77299,2.965191602706909
0,0.0006595402956008911,77349,2.9968676567077637
0,0.0006592483841814101,77399,3.047248601913452
0,0.000658956472761929,77449,3.234492540359497
0,0.0006586646195501089,77499,2.7976033687591553
0,0.0006583727081306279,77549,2.802058219909668
0,0.0006580807967111468,77599,2.688455104827881
0,0.0006577888852916658,77649,2.7840747833251953
0,0.0006574969738721848,77699,2.7587759494781494
0,0.0006572050624527037,77749,2.8376898765563965
0,0.0006569131510332227,77799,2.746400833129883
0,0.0006566212396137416,77849,2.846182346343994
0,0.0006563293864019215,77899,3.575859546661377
0,0.0006560374749824405,77949,2.73702335357666
0,0.0006557455635629594,77999,2.702849864959717
0,0.0006554536521434784,78049,3.2643632888793945
0,0.0006551617407239974,78099,2.901346206665039
0,0.0006548698293045163,78149,3.2419323921203613
0,0.0006545779178850353,78199,2.758469581604004
0,0.0006542860064655542,78249,2.6102747917175293
0,0.0006539941532537341,78299,3.2099339962005615
0,0.0006537022418342531,78349,2.7313389778137207
0,0.000653410330414772,78399,3.067944049835205
0,0.000653118418995291,78449,2.7371773719787598
0,0.00065282650757581,78499,3.1742537021636963
0,0.0006525345961563289,78549,3.089470148086548
0,0.0006522426847368479,78599,2.7298085689544678
0,0.0006519507733173668,78649,2.6070377826690674
0,0.0006516589201055467,78699,2.801025390625
0,0.0006513670086860657,78749,2.706333875656128
0,0.0006510750972665846,78799,2.8494913578033447
0,0.0006507831858471036,78849,2.617687702178955
0,0.0006504912744276226,78899,2.5982179641723633
0,0.0006501993630081415,78949,2.931076765060425
0,0.0006499074515886605,78999,2.7533533573150635
0,0.0006496155401691794,79049,2.8836617469787598
0,0.0006493236287496984,79099,2.6515934467315674
0,0.0006490317755378783,79149,2.947530508041382
0,0.0006487398641183972,79199,2.8421926498413086
0,0.0006484479526989162,79249,3.2520976066589355
0,0.0006481560412794352,79299,3.275369167327881
0,0.0006478641298599541,79349,2.869131326675415
0,0.0006475722184404731,79399,3.0997936725616455
0,0.000647280307020992,79449,3.17960262298584
0,0.000646988395601511,79499,2.726240396499634
0,0.0006466965423896909,79549,2.6545321941375732
0,0.0006464046309702098,79599,3.33811092376709
0,0.0006461127195507288,79649,3.4487531185150146
0,0.0006458208081312478,79699,2.8178184032440186
0,0.0006455288967117667,79749,3.0485122203826904
0,0.0006452369852922857,79799,2.8858799934387207
0,0.0006449450738728046,79849,2.8665108680725098
0,0.0006446531624533236,79899,2.7656912803649902
0,0.0006443613092415035,79949,2.870802164077759
0,0.0006440693978220224,79999,2.7483034133911133
0,0.0006437774864025414,80049,2.867222547531128
0,0.0006434855749830604,80099,2.6373636722564697
0,0.0006431936635635793,80149,2.7964582443237305
0,0.0006429017521440983,80199,2.8334426879882812
0,0.0006426098407246172,80249,2.5817668437957764
0,0.0006423179293051362,80299,2.8261609077453613
0,0.0006420260760933161,80349,2.638033151626587
0,0.000641734164673835,80399,2.94189715385437
0,0.000641442253254354,80449,2.7700655460357666
0,0.000641150341834873,80499,2.718893051147461
0,0.0006408584304153919,80549,2.632459878921509
0,0.0006405665189959109,80599,2.811450481414795
0,0.0006402746075764298,80649,2.7233779430389404
0,0.0006399826961569488,80699,2.961773157119751
0,0.0006396908429451287,80749,3.4730427265167236
0,0.0006393989315256476,80799,2.666940689086914
0,0.0006391070201061666,80849,2.69084095954895
0,0.0006388151086866856,80899,2.912876844406128
0,0.0006385231972672045,80949,2.653512716293335
0,0.0006382312858477235,80999,2.554208278656006
0,0.0006379393744282424,81049,2.9262638092041016
0,0.0006376474630087614,81099,2.885502815246582
0,0.0006373555515892804,81149,2.6909494400024414
0,0.0006370636983774602,81199,2.7856645584106445
0,0.0006367717869579792,81249,2.7098100185394287
0,0.0006364798755384982,81299,2.629772186279297
0,0.0006361879641190171,81349,2.9008989334106445
0,0.0006358960526995361,81399,2.602602005004883
0,0.000635604141280055,81449,2.9118235111236572
0,0.000635312229860574,81499,2.950629949569702
0,0.000635020318441093,81549,2.72548246383667
0,0.0006347284652292728,81599,3.129626512527466
0,0.0006344365538097918,81649,2.749385356903076
0,0.0006341446423903108,81699,2.820956230163574
0,0.0006338527309708297,81749,2.884229898452759
0,0.0006335608195513487,81799,3.065190315246582
0,0.0006332689081318676,81849,2.463465929031372
0,0.0006329769967123866,81899,2.8417437076568604
0,0.0006326850852929056,81949,2.716487407684326
0,0.0006323932320810854,81999,2.645759344100952
0,0.0006321013206616044,82049,2.6132822036743164
0,0.0006318094092421234,82099,3.116509437561035
0,0.0006315174978226423,82149,2.526995897293091
0,0.0006312255864031613,82199,2.920444965362549
0,0.0006309336749836802,82249,2.793128490447998
0,0.0006306417635641992,82299,2.950887680053711
0,0.0006303498521447182,82349,3.7787721157073975
0,0.000630057998932898,82399,2.9373462200164795
0,0.000629766087513417,82449,2.75593638420105
0,0.000629474176093936,82499,2.955451250076294
0,0.0006291822646744549,82549,2.7898473739624023
0,0.0006288903532549739,82599,3.1591036319732666
0,0.0006285984418354928,82649,2.6772799491882324
0,0.0006283065304160118,82699,2.9927849769592285
0,0.0006280146189965308,82749,3.6008331775665283
0,0.0006277227657847106,82799,2.9682185649871826
0,0.0006274308543652296,82849,3.3207473754882812
0,0.0006271389429457486,82899,2.6190202236175537
0,0.0006268470315262675,82949,2.9343361854553223
0,0.0006265551201067865,82999,2.679004669189453
0,0.0006262632086873055,83049,2.6754372119903564
0,0.0006259712972678244,83099,2.8413960933685303
0,0.0006256793858483434,83149,2.709298610687256
0,0.0006253874744288623,83199,2.6795239448547363
0,0.0006250956212170422,83249,2.7948498725891113
0,0.0006248037097975612,83299,2.6084656715393066
0,0.0006245117983780801,83349,2.985795497894287
0,0.0006242198869585991,83399,2.979194402694702
0,0.000623927975539118,83449,2.679608106613159
0,0.000623636064119637,83499,3.058698892593384
0,0.000623344152700156,83549,2.914476156234741
0,0.0006230522412806749,83599,2.8411571979522705
0,0.0006227603880688548,83649,3.391275405883789
0,0.0006224684766493738,83699,2.627068281173706
0,0.0006221765652298927,83749,3.3089511394500732
0,0.0006218846538104117,83799,3.1906330585479736
0,0.0006215927423909307,83849,2.6883699893951416
0,0.0006213008309714496,83899,2.725508451461792
0,0.0006210089195519686,83949,3.081214666366577
0,0.0006207170081324875,83999,2.9360318183898926
0,0.0006204251549206674,84049,2.7283735275268555
0,0.0006201332435011864,84099,2.8996376991271973
0,0.0006198413320817053,84149,2.931253671646118
0,0.0006195494206622243,84199,2.8922712802886963
0,0.0006192575092427433,84249,3.267857789993286
0,0.0006189655978232622,84299,2.871556043624878
0,0.0006186736864037812,84349,2.981083869934082
0,0.0006183817749843001,84399,2.8091657161712646
0,0.00061808992177248,84449,2.7879798412323
0,0.000617798010352999,84499,2.6718761920928955
0,0.0006175060989335179,84549,2.928318738937378
0,0.0006172141875140369,84599,3.103908061981201
0,0.0006169222760945559,84649,2.935016393661499
0,0.0006166303646750748,84699,2.961249589920044
0,0.0006163384532555938,84749,2.6791560649871826
0,0.0006160465418361127,84799,2.760272979736328
0,0.0006157546886242926,84849,3.6797995567321777
0,0.0006154627772048116,84899,3.2373437881469727
0,0.0006151708657853305,84949,2.8251805305480957
0,0.0006148789543658495,84999,2.8354039192199707
0,0.0006145870429463685,85049,3.3080203533172607
0,0.0006142951315268874,85099,2.5459017753601074
0,0.0006140032201074064,85149,2.9119813442230225
0,0.0006137113086879253,85199,3.233558416366577
0,0.0006134193972684443,85249,2.955127477645874
0,0.0006131275440566242,85299,2.92787766456604
0,0.0006128356326371431,85349,3.2763800621032715
0,0.0006125437212176621,85399,2.9967410564422607
0,0.0006122518097981811,85449,2.7153234481811523
0,0.0006119598983787,85499,3.1821603775024414
0,0.000611667986959219,85549,2.85188889503479
0,0.0006113760755397379,85599,3.0924673080444336
0,0.0006110841641202569,85649,3.1460063457489014
0,0.0006107923109084368,85699,2.9571425914764404
0,0.0006105003994889557,85749,2.7866110801696777
0,0.0006102084880694747,85799,3.168778657913208
0,0.0006099165766499937,85849,3.1241936683654785
0,0.0006096246652305126,85899,2.5461416244506836
0,0.0006093327538110316,85949,2.9516608715057373
0,0.0006090408423915505,85999,2.9937713146209717
0,0.0006087489309720695,86049,2.726712465286255
0,0.0006084570777602494,86099,2.786768913269043
0,0.0006081651663407683,86149,3.268214464187622
0,0.0006078732549212873,86199,2.651381015777588
0,0.0006075813435018063,86249,2.774519681930542
0,0.0006072894320823252,86299,2.7236945629119873
0,0.0006069975206628442,86349,2.772357702255249
0,0.0006067056092433631,86399,2.8893280029296875
0,0.0006064136978238821,86449,2.7265541553497314
0,0.000606121844612062,86499,2.8585152626037598
0,0.0006058299331925809,86549,2.7692296504974365
0,0.0006055380217730999,86599,2.937746047973633
0,0.0006052461103536189,86649,2.6804816722869873
0,0.0006049541989341378,86699,3.4513142108917236
0,0.0006046622875146568,86749,3.1361472606658936
0,0.0006043703760951757,86799,3.0063059329986572
0,0.0006040784646756947,86849,2.9514000415802
0,0.0006037866114638746,86899,2.7804126739501953
0,0.0006034947000443935,86949,2.736135482788086
0,0.0006032027886249125,86999,2.8314950466156006
0,0.0006029108772054315,87049,2.8064217567443848
0,0.0006026189657859504,87099,2.7689242362976074
0,0.0006023270543664694,87149,2.726576328277588
0,0.0006020351429469883,87199,2.7230350971221924
0,0.0006017432315275073,87249,2.8139476776123047
0,0.0006014513201080263,87299,2.654035806655884
0,0.0006011594668962061,87349,2.825617790222168
0,0.0006008675554767251,87399,2.890435218811035
0,0.0006005756440572441,87449,2.801919937133789
0,0.000600283732637763,87499,2.735185384750366
0,0.000599991821218282,87549,2.534184694290161
0,0.0005996999097988009,87599,2.7483432292938232
0,0.0005994079983793199,87649,2.9138741493225098
0,0.0005991160869598389,87699,2.8775408267974854
0,0.0005988242337480187,87749,3.168100357055664
0,0.0005985323223285377,87799,2.886579751968384
0,0.0005982404109090567,87849,2.9063937664031982
0,0.0005979484994895756,87899,2.702021598815918
0,0.0005976565880700946,87949,2.9684603214263916
0,0.0005973646766506135,87999,2.6515278816223145
0,0.0005970727652311325,88049,2.765953302383423
0,0.0005967808538116515,88099,2.649049758911133
0,0.0005964890005998313,88149,3.112474203109741
0,0.0005961970891803503,88199,2.6961708068847656
0,0.0005959051777608693,88249,2.9103434085845947
0,0.0005956132663413882,88299,2.72933292388916
0,0.0005953213549219072,88349,3.013096332550049
0,0.0005950294435024261,88399,2.766472816467285
0,0.0005947375320829451,88449,3.4170942306518555
0,0.0005944456206634641,88499,2.5224664211273193
0,0.0005941537674516439,88549,2.707960605621338
0,0.0005938618560321629,88599,3.018907308578491
0,0.0005935699446126819,88649,2.867443323135376
0,0.0005932780331932008,88699,2.725978136062622
0,0.0005929861217737198,88749,2.8159940242767334
0,0.0005926942103542387,88799,2.8599061965942383
0,0.0005924022989347577,88849,2.7715766429901123
0,0.0005921103875152767,88899,3.1063802242279053
0,0.0005918185343034565,88949,2.6622700691223145
0,0.0005915266228839755,88999,2.772036552429199
0,0.0005912347114644945,89049,2.7412354946136475
0,0.0005909428000450134,89099,2.7076733112335205
0,0.0005906508886255324,89149,2.6693146228790283
0,0.0005903589772060513,89199,2.9546592235565186
0,0.0005900670657865703,89249,2.6508774757385254
0,0.0005897751543670893,89299,2.746293544769287
0,0.0005894832429476082,89349,2.776339054107666
0,0.0005891913897357881,89399,2.8115592002868652
0,0.0005888994783163071,89449,2.4699060916900635
0,0.000588607566896826,89499,2.9724833965301514
0,0.000588315655477345,89549,2.5990612506866455
0,0.000588023744057864,89599,2.7088096141815186
0,0.0005877318326383829,89649,2.7960963249206543
0,0.0005874399212189019,89699,2.847614288330078
0,0.0005871480097994208,89749,2.9427287578582764
0,0.0005868561565876007,89799,2.7492971420288086
0,0.0005865642451681197,89849,2.9974820613861084
0,0.0005862723337486386,89899,2.9070537090301514
0,0.0005859804223291576,89949,2.711428642272949
0,0.0005856885109096766,89999,3.089621067047119
0,0.0005853965994901955,90049,2.803306818008423
0,0.0005851046880707145,90099,2.608234405517578
0,0.0005848127766512334,90149,2.8401215076446533
0,0.0005845209234394133,90199,3.0214321613311768
0,0.0005842290120199323,90249,2.904733180999756
0,0.0005839371006004512,90299,2.968318462371826
0,0.0005836451891809702,90349,3.222611665725708
0,0.0005833532777614892,90399,2.6713993549346924
0,0.0005830613663420081,90449,2.893117666244507
0,0.0005827694549225271,90499,2.885331869125366
0,0.000582477543503046,90549,2.531177282333374
0,0.0005821856902912259,90599,2.91923189163208
0,0.0005818937788717449,90649,2.9290199279785156
0,0.0005816018674522638,90699,2.7799031734466553
0,0.0005813099560327828,90749,2.7789556980133057
0,0.0005810180446133018,90799,3.034923553466797
0,0.0005807261331938207,90849,2.771559476852417
0,0.0005804342217743397,90899,3.083803415298462
0,0.0005801423103548586,90949,2.7544755935668945
0,0.0005798504571430385,90999,2.529186725616455
0,0.0005795585457235575,91049,3.3346927165985107
0,0.0005792666343040764,91099,2.5817036628723145
0,0.0005789747228845954,91149,2.7376463413238525
0,0.0005786828114651144,91199,3.314361810684204
0,0.0005783909000456333,91249,3.528751850128174
0,0.0005780989886261523,91299,2.810912609100342
0,0.0005778070772066712,91349,2.577275037765503
0,0.0005775151657871902,91399,3.1054234504699707
0,0.0005772233125753701,91449,2.669102907180786
0,0.000576931401155889,91499,2.6786060333251953
0,0.000576639489736408,91549,2.8339896202087402
0,0.000576347578316927,91599,2.6254680156707764
0,0.0005760556668974459,91649,2.842395782470703
0,0.0005757637554779649,91699,2.8750035762786865
0,0.0005754718440584838,91749,2.6603620052337646
0,0.0005751799326390028,91799,2.8773069381713867
0,0.0005748880794271827,91849,2.8034274578094482
0,0.0005745961680077016,91899,2.755777597427368
0,0.0005743042565882206,91949,2.774428606033325
0,0.0005740123451687396,91999,2.729804754257202
0,0.0005737204337492585,92049,3.0557749271392822
0,0.0005734285223297775,92099,2.8384430408477783
0,0.0005731366109102964,92149,2.9227559566497803
0,0.0005728446994908154,92199,2.8512399196624756
0,0.0005725528462789953,92249,2.9625730514526367
0,0.0005722609348595142,92299,2.763915538787842
0,0.0005719690234400332,92349,2.956979513168335
0,0.0005716771120205522,92399,2.6920664310455322
0,0.0005713852006010711,92449,2.808058023452759
0,0.0005710932891815901,92499,2.6066296100616455
0,0.000570801377762109,92549,2.6098122596740723
0,0.000570509466342628,92599,2.954732656478882
0,0.0005702176131308079,92649,3.00931978225708
0,0.0005699257017113268,92699,2.9560749530792236
0,0.0005696337902918458,92749,2.73414945602417
0,0.0005693418788723648,92799,2.620609998703003
0,0.0005690499674528837,92849,2.827901601791382
0,0.0005687580560334027,92899,2.704453468322754
0,0.0005684661446139216,92949,3.3815243244171143
0,0.0005681742331944406,92999,2.7387843132019043
0,0.0005678823799826205,93049,2.9025461673736572
0,0.0005675904685631394,93099,2.8414833545684814
0,0.0005672985571436584,93149,3.0698390007019043
0,0.0005670066457241774,93199,2.8007607460021973
0,0.0005667147343046963,93249,3.020758628845215
0,0.0005664228228852153,93299,3.095041036605835
0,0.0005661309114657342,93349,2.8598012924194336
0,0.0005658390000462532,93399,3.077934741973877
0,0.0005655470886267722,93449,2.6836979389190674
0,0.000565255235414952,93499,2.768613815307617
0,0.000564963323995471,93549,2.800555467605591
0,0.00056467141257599,93599,2.928030490875244
0,0.0005643795011565089,93649,2.9985334873199463
0,0.0005640875897370279,93699,2.7104990482330322
0,0.0005637956783175468,93749,2.798776865005493
0,0.0005635037668980658,93799,2.625800609588623
0,0.0005632118554785848,93849,3.0832700729370117
0,0.0005629200022667646,93899,3.0456275939941406
0,0.0005626280908472836,93949,2.7856192588806152
0,0.0005623361794278026,93999,2.8557112216949463
0,0.0005620442680083215,94049,2.838944435119629
0,0.0005617523565888405,94099,2.7469143867492676
0,0.0005614604451693594,94149,2.64493465423584
0,0.0005611685337498784,94199,3.0173513889312744
0,0.0005608766223303974,94249,2.704364538192749
0,0.0005605847691185772,94299,2.9745218753814697
0,0.0005602928576990962,94349,2.8213722705841064
0,0.0005600009462796152,94399,2.783620834350586
0,0.0005597090348601341,94449,2.7695188522338867
0,0.0005594171234406531,94499,2.872424840927124
0,0.000559125212021172,94549,2.6382663249969482
0,0.000558833300601691,94599,2.720853328704834
0,0.00055854138918221,94649,2.806736707687378
0,0.0005582495359703898,94699,3.0927553176879883
0,0.0005579576245509088,94749,2.8321404457092285
0,0.0005576657131314278,94799,2.873384952545166
0,0.0005573738017119467,94849,2.8966312408447266
0,0.0005570818902924657,94899,2.7442126274108887
0,0.0005567899788729846,94949,2.983375072479248
0,0.0005564980674535036,94999,2.9057681560516357
0,0.0005562061560340226,95049,2.785771608352661
0,0.0005559142446145415,95099,2.7217907905578613
0,0.0005556223914027214,95149,2.883608102798462
0,0.0005553304799832404,95199,2.631006956100464
0,0.0005550385685637593,95249,2.9815444946289062
0,0.0005547466571442783,95299,2.6447601318359375
0,0.0005544547457247972,95349,2.906475782394409
0,0.0005541628343053162,95399,3.107489585876465
0,0.0005538709228858352,95449,3.234018564224243
0,0.0005535790114663541,95499,2.6773154735565186
0,0.000553287158254534,95549,2.722269296646118
0,0.000552995246835053,95599,2.9824070930480957
0,0.0005527033354155719,95649,2.630075216293335
0,0.0005524114239960909,95699,2.7323555946350098
0,0.0005521195125766098,95749,2.8999791145324707
0,0.0005518276011571288,95799,2.73185396194458
0,0.0005515356897376478,95849,2.985971450805664
0,0.0005512437783181667,95899,2.9653711318969727
0,0.0005509519251063466,95949,2.617272138595581
0,0.0005506600136868656,95999,2.743237018585205
0,0.0005503681022673845,96049,2.6572532653808594
0,0.0005500761908479035,96099,2.9334468841552734
0,0.0005497842794284225,96149,2.6428749561309814
0,0.0005494923680089414,96199,2.7158336639404297
0,0.0005492004565894604,96249,3.4868242740631104
0,0.0005489085451699793,96299,2.753875494003296
0,0.0005486166919581592,96349,3.010018825531006
0,0.0005483247805386782,96399,3.122663736343384
0,0.0005480328691191971,96449,2.973576068878174
0,0.0005477409576997161,96499,2.7677512168884277
0,0.000547449046280235,96549,2.6807217597961426
0,0.000547157134860754,96599,2.5387063026428223
0,0.000546865223441273,96649,2.6395227909088135
0,0.0005465733120217919,96699,3.003687620162964
0,0.0005462814588099718,96749,2.7441954612731934
0,0.0005459895473904908,96799,2.954232931137085
0,0.0005456976359710097,96849,2.840529203414917
0,0.0005454057245515287,96899,2.9349491596221924
0,0.0005451138131320477,96949,2.679661750793457
0,0.0005448219017125666,96999,2.9139657020568848
0,0.0005445299902930856,97049,2.7900519371032715
0,0.0005442380788736045,97099,3.017091751098633
0,0.0005439461674541235,97149,2.696119785308838
0,0.0005436543142423034,97199,2.997671365737915
0,0.0005433624028228223,97249,2.6030404567718506
0,0.0005430704914033413,97299,2.797832489013672
0,0.0005427785799838603,97349,2.709991216659546
0,0.0005424866685643792,97399,2.7079741954803467
0,0.0005421947571448982,97449,2.9845094680786133
0,0.0005419028457254171,97499,2.9889063835144043
0,0.0005416109343059361,97549,2.853715658187866
0,0.000541319081094116,97599,2.9332802295684814
0,0.0005410271696746349,97649,2.813173294067383
0,0.0005407352582551539,97699,2.4994332790374756
0,0.0005404433468356729,97749,2.710780620574951
0,0.0005401514354161918,97799,4.112274646759033
0,0.0005398595239967108,97849,2.6579246520996094
0,0.0005395676125772297,97899,2.730379819869995
0,0.0005392757011577487,97949,2.6564364433288574
0,0.0005389838479459286,97999,2.852214813232422
0,0.0005386919365264475,98049,2.6366658210754395
0,0.0005384000251069665,98099,2.7629904747009277
0,0.0005381081136874855,98149,2.825425148010254
0,0.0005378162022680044,98199,3.260654926300049
0,0.0005375242908485234,98249,2.550293207168579
0,0.0005372323794290423,98299,2.772545337677002
0,0.0005369404680095613,98349,2.588151693344116
0,0.0005366486147977412,98399,2.7932987213134766
0,0.0005363567033782601,98449,2.7651963233947754
0,0.0005360647919587791,98499,2.5611767768859863
0,0.0005357728805392981,98549,2.935675859451294
0,0.000535480969119817,98599,2.891414165496826
0,0.000535189057700336,98649,2.782115936279297
0,0.0005348971462808549,98699,2.6656923294067383
0,0.0005346052348613739,98749,2.9775314331054688
0,0.0005343133816495538,98799,2.905700206756592
0,0.0005340214702300727,98849,2.7780978679656982
0,0.0005337295588105917,98899,2.7249879837036133
0,0.0005334376473911107,98949,3.0699009895324707
0,0.0005331457359716296,98999,3.0902884006500244
0,0.0005328538245521486,99049,2.720827579498291
0,0.0005325619131326675,99099,2.6784818172454834
0,0.0005322700017131865,99149,2.7594356536865234
0,0.0005319780902937055,99199,2.838528871536255
0,0.0005316862370818853,99249,2.821044921875
0,0.0005313943256624043,99299,3.2835302352905273
0,0.0005311024142429233,99349,3.131190538406372
0,0.0005308105028234422,99399,2.529339075088501
0,0.0005305185914039612,99449,2.739213466644287
0,0.0005302266799844801,99499,3.0093321800231934
0,0.0005299347685649991,99549,2.8234386444091797
0,0.0005296428571455181,99599,2.664175271987915
0,0.0005293510039336979,99649,2.522891044616699
0,0.0005290590925142169,99699,3.007627487182617
0,0.0005287671810947359,99749,2.6094541549682617
0,0.0005284752696752548,99799,2.795264959335327
0,0.0005281833582557738,99849,3.012387752532959
0,0.0005278914468362927,99899,2.576061725616455
0,0.0005275995354168117,99949,2.755702018737793
0,0.0005273076239973307,99999,2.90981388092041
0,0.0005270157707855105,100049,2.9217569828033447
0,0.0005267238593660295,100099,2.7127175331115723
0,0.0005264319479465485,100149,2.5593011379241943
0,0.0005261400365270674,100199,2.8759605884552
0,0.0005258481251075864,100249,2.837829828262329
0,0.0005255562136881053,100299,2.519564628601074
0,0.0005252643022686243,100349,2.8347811698913574
0,0.0005249723908491433,100399,2.7674262523651123
0,0.0005246805376373231,100449,2.8304834365844727
0,0.0005243886262178421,100499,2.5640010833740234
0,0.0005240967147983611,100549,2.971525192260742
0,0.00052380480337888,100599,2.8096325397491455
0,0.000523512891959399,100649,3.274411916732788
0,0.000523220980539918,100699,2.6386280059814453
0,0.0005229290691204369,100749,2.5495951175689697
0,0.0005226371577009559,100799,2.6064212322235107
0,0.0005223453044891357,100849,2.9981541633605957
0,0.0005220533930696547,100899,2.514692544937134
0,0.0005217614816501737,100949,3.370267152786255
0,0.0005214695702306926,100999,2.71726393699646
0,0.0005211776588112116,101049,3.150020122528076
0,0.0005208857473917305,101099,3.6544222831726074
0,0.0005205938359722495,101149,2.6708414554595947
0,0.0005203019245527685,101199,2.9890942573547363
0,0.0005200100131332874,101249,2.5483503341674805
0,0.0005197181599214673,101299,2.692145824432373
0,0.0005194262485019863,101349,2.8637118339538574
0,0.0005191343370825052,101399,2.668027400970459
0,0.0005188424256630242,101449,2.872215509414673
0,0.0005185505142435431,101499,3.187875509262085
0,0.0005182586028240621,101549,2.945067882537842
0,0.0005179666914045811,101599,2.761834144592285
0,0.0005176747799851,101649,2.6413228511810303
0,0.0005173829267732799,101699,2.7755045890808105
0,0.0005170910153537989,101749,2.891813039779663
0,0.0005167991039343178,101799,2.999380111694336
0,0.0005165071925148368,101849,2.542668104171753
0,0.0005162152810953557,101899,3.1812260150909424
0,0.0005159233696758747,101949,2.7135355472564697
0,0.0005156314582563937,101999,2.984259605407715
0,0.0005153395468369126,102049,2.585655689239502
0,0.0005150476936250925,102099,2.8107213973999023
0,0.0005147557822056115,102149,2.907031297683716
0,0.0005144638707861304,102199,2.5968055725097656
0,0.0005141719593666494,102249,2.8328750133514404
0,0.0005138800479471684,102299,2.574434280395508
0,0.0005135881365276873,102349,2.8632218837738037
0,0.0005132962251082063,102399,2.7715625762939453
0,0.0005130043136887252,102449,2.5904059410095215
0,0.0005127124604769051,102499,2.8612399101257324
0,0.0005124205490574241,102549,2.779642343521118
0,0.000512128637637943,102599,2.590115547180176
0,0.000511836726218462,102649,3.071800708770752
0,0.000511544814798981,102699,2.973116397857666
0,0.0005112529033794999,102749,2.6687591075897217
0,0.0005109609919600189,102799,2.9413845539093018
0,0.0005106690805405378,102849,3.102216958999634
0,0.0005103772273287177,102899,2.5932488441467285
0,0.0005100853159092367,102949,2.8917059898376465
0,0.0005097934044897556,102999,3.4224953651428223
0,0.0005095014930702746,103049,2.5067219734191895
0,0.0005092095816507936,103099,3.0094776153564453
0,0.0005089176702313125,103149,2.7995259761810303
0,0.0005086257588118315,103199,3.044910430908203
0,0.0005083338473923504,103249,2.9508895874023438
0,0.0005080419359728694,103299,2.826922655105591
0,0.0005077500827610493,103349,3.1004505157470703
0,0.0005074581713415682,103399,2.8705365657806396
0,0.0005071662599220872,103449,2.8697214126586914
0,0.0005068743485026062,103499,3.020691394805908
0,0.0005065824370831251,103549,2.878074884414673
0,0.0005062905256636441,103599,2.721153736114502
0,0.000505998614244163,103649,2.792529582977295
0,0.000505706702824682,103699,2.9059722423553467
0,0.0005054148496128619,103749,2.80303692817688
0,0.0005051229381933808,103799,3.2274391651153564
0,0.0005048310267738998,103849,2.922290802001953
0,0.0005045391153544188,103899,3.09112548828125
0,0.0005042472039349377,103949,2.6847715377807617
0,0.0005039552925154567,103999,2.7876720428466797
0,0.0005036633810959756,104049,2.737792730331421
0,0.0005033714696764946,104099,2.7786951065063477
0,0.0005030796164646745,104149,3.042884111404419
0,0.0005027877050451934,104199,2.899102210998535
0,0.0005024957936257124,104249,2.776552438735962
0,0.0005022038822062314,104299,2.8992440700531006
0,0.0005019119707867503,104349,2.84739351272583
0,0.0005016200593672693,104399,2.641062021255493
0,0.0005013281479477882,104449,2.7982044219970703
0,0.0005010362365283072,104499,2.787909984588623
0,0.0005007443833164871,104549,2.7043566703796387
0,0.000500452471897006,104599,2.7567057609558105
0,0.000500160560477525,104649,2.628208875656128
0,0.000499868649058044,104699,2.7801811695098877
0,0.0004995767376385629,104749,2.9325008392333984
0,0.0004992848262190819,104799,3.019937753677368
0,0.0004989929147996008,104849,2.758349657058716
0,0.0004987010033801198,104899,2.915708065032959
0,0.0004984091501682997,104949,2.6929988861083984
0,0.0004981172387488186,104999,2.8261170387268066
0,0.0004978253273293376,105049,2.676499128341675
0,0.0004975334159098566,105099,3.004215717315674
0,0.0004972415044903755,105149,2.5014145374298096
0,0.0004969495930708945,105199,2.6244399547576904
0,0.0004966576816514134,105249,2.7176260948181152
0,0.0004963657702319324,105299,2.573413133621216
0,0.0004960738588124514,105349,3.2365331649780273
0,0.0004957820056006312,105399,2.895148515701294
0,0.0004954900941811502,105449,2.9381532669067383
0,0.0004951981827616692,105499,2.596303701400757
0,0.0004949062713421881,105549,3.114391326904297
0,0.0004946143599227071,105599,2.6301815509796143
0,0.000494322448503226,105649,2.5326125621795654
0,0.000494030537083745,105699,2.8863608837127686
0,0.000493738625664264,105749,2.663243532180786
0,0.0004934467724524438,105799,2.882911205291748
0,0.0004931548610329628,105849,2.7839763164520264
0,0.0004928629496134818,105899,2.687009334564209
0,0.0004925710381940007,105949,2.9384725093841553
0,0.0004922791267745197,105999,2.8153364658355713
0,0.0004919872153550386,106049,2.785184860229492
0,0.0004916953039355576,106099,2.681016445159912
0,0.0004914033925160766,106149,2.826230525970459
0,0.0004911115393042564,106199,2.7278947830200195
0,0.0004908196278847754,106249,2.703082799911499
0,0.0004905277164652944,106299,2.7903048992156982
0,0.0004902358050458133,106349,2.742889881134033
0,0.0004899438936263323,106399,2.709949254989624
0,0.0004896519822068512,106449,2.933544158935547
0,0.0004893600707873702,106499,3.0741283893585205
0,0.0004890681593678892,106549,2.839944839477539
0,0.000488776306156069,106599,2.605438709259033
0,0.000488484394736588,106649,2.9724395275115967
0,0.00048819248331710696,106699,4.024961948394775
0,0.0004879005718976259,106749,2.701871633529663
0,0.0004876086604781449,106799,2.7850546836853027
0,0.00048731674905866385,106849,2.8982768058776855
0,0.00048702486674301326,106899,2.8862836360931396
0,0.0004867329553235322,106949,2.5450661182403564
0,0.0004864410439040512,106999,2.797497034072876
0,0.00048614913248457015,107049,2.724879503250122
0,0.0004858572210650891,107099,2.6461308002471924
0,0.0004855653387494385,107149,2.974942922592163
0,0.0004852734273299575,107199,2.605186939239502
0,0.00048498151591047645,107249,2.6822564601898193
0,0.0004846896044909954,107299,2.634655237197876
0,0.0004843977221753448,107349,2.696674108505249
0,0.0004841058107558638,107399,2.9886791706085205
0,0.00048381389933638275,107449,3.0026895999908447
0,0.0004835219879169017,107499,2.616131067276001
0,0.0004832301056012511,107549,3.009305715560913
0,0.0004829381941817701,107599,2.561042547225952
0,0.00048264628276228905,107649,3.325019121170044
0,0.000482354371342808,107699,2.5957276821136475
0,0.0004820624890271574,107749,2.8316843509674072
0,0.0004817705776076764,107799,2.6761856079101562
0,0.00048147866618819535,107849,2.6658902168273926
0,0.0004811867547687143,107899,2.7097296714782715
0,0.0004808948724530637,107949,2.617919921875
0,0.0004806029610335827,107999,2.495323896408081
0,0.00048031104961410165,108049,2.5792009830474854
0,0.0004800191381946206,108099,2.5265707969665527
0,0.00047972725587897,108149,2.4671506881713867
0,0.000479435344459489,108199,2.9369864463806152
0,0.00047914343304000795,108249,2.8169424533843994
0,0.0004788515216205269,108299,3.2344324588775635
0,0.00047855963930487633,108349,2.6421828269958496
0,0.0004782677278853953,108399,2.874664783477783
0,0.00047797581646591425,108449,2.757650852203369
0,0.0004776839050464332,108499,3.178093671798706
0,0.00047739202273078263,108549,2.5961813926696777
0,0.0004771001113113016,108599,2.5562925338745117
0,0.00047680819989182055,108649,2.869101047515869
0,0.0004765162884723395,108699,2.679166555404663
0,0.00047622440615668893,108749,2.718574285507202
0,0.0004759324947372079,108799,2.6964974403381348
0,0.00047564058331772685,108849,3.129434108734131
0,0.0004753486718982458,108899,2.673124313354492
0,0.00047505678958259523,108949,2.7100491523742676
0,0.0004747648781631142,108999,2.978379249572754
0,0.00047447296674363315,109049,2.717128038406372
0,0.0004741810553241521,109099,2.6994521617889404
0,0.0004738891439046711,109149,2.936415910720825
0,0.0004735972615890205,109199,3.4363162517547607
0,0.00047330535016953945,109249,2.7669644355773926
0,0.0004730134387500584,109299,2.9165849685668945
0,0.0004727215273305774,109349,2.472475290298462
0,0.0004724296450149268,109399,3.2030398845672607
0,0.00047213773359544575,109449,2.744344472885132
0,0.0004718458221759647,109499,2.647735595703125
0,0.0004715539107564837,109549,2.5277864933013916
0,0.0004712620284408331,109599,3.2383830547332764
0,0.00047097011702135205,109649,2.559109687805176
0,0.000470678205601871,109699,3.4943411350250244
0,0.00047038629418239,109749,2.8070504665374756
0,0.0004700944118667394,109799,2.628856897354126
0,0.00046980250044725835,109849,2.939460039138794
0,0.0004695105890277773,109899,2.676292657852173
0,0.0004692186776082963,109949,2.9797868728637695
0,0.0004689267952926457,109999,2.960582733154297
0,0.00046863488387316465,110049,3.0251758098602295
0,0.0004683429724536836,110099,2.7079505920410156
0,0.0004680510610342026,110149,3.070016860961914
0,0.000467759178718552,110199,3.202500820159912
0,0.00046746726729907095,110249,2.972107410430908
0,0.0004671753558795899,110299,3.006845712661743
0,0.0004668834444601089,110349,2.739682674407959
0,0.0004665915621444583,110399,2.6610851287841797
0,0.00046629965072497725,110449,2.5866713523864746
0,0.0004660077393054962,110499,2.7517588138580322
0,0.0004657158278860152,110549,2.668377637863159
0,0.0004654239455703646,110599,2.9035258293151855
0,0.00046513203415088356,110649,3.0876128673553467
0,0.0004648401227314025,110699,2.563671588897705
0,0.0004645482113119215,110749,3.277860641479492
0,0.0004642563289962709,110799,3.0382039546966553
0,0.00046396441757678986,110849,2.742037296295166
0,0.0004636725061573088,110899,2.7780652046203613
0,0.0004633805947378278,110949,2.9001317024230957
0,0.0004630887124221772,110999,2.863417625427246
0,0.00046279680100269616,111049,2.635582208633423
0,0.0004625048895832151,111099,2.5607495307922363
0,0.0004622129781637341,111149,2.8565104007720947
0,0.00046192106674425304,111199,2.569765567779541
0,0.00046162918442860246,111249,3.044935941696167
0,0.0004613372730091214,111299,2.698119640350342
0,0.0004610453615896404,111349,2.784182071685791
0,0.00046075345017015934,111399,2.940937042236328
0,0.00046046156785450876,111449,2.987769365310669
0,0.0004601696564350277,111499,2.850445032119751
0,0.0004598777450155467,111549,2.5991222858428955
0,0.00045958583359606564,111599,2.651062488555908
0,0.00045929395128041506,111649,2.5875353813171387
0,0.000459002039860934,111699,2.8089709281921387
0,0.000458710128441453,111749,2.9321160316467285
0,0.00045841821702197194,111799,2.846562385559082
0,0.00045812633470632136,111849,2.5761330127716064
0,0.0004578344232868403,111899,2.9375863075256348
0,0.0004575425118673593,111949,2.9214775562286377
0,0.00045725060044787824,111999,2.7845685482025146
0,0.00045695871813222766,112049,2.814192533493042
0,0.0004566668067127466,112099,2.8177411556243896
0,0.0004563748952932656,112149,2.9026031494140625
0,0.00045608298387378454,112199,2.872328519821167
0,0.00045579110155813396,112249,2.5475385189056396
0,0.0004554991901386529,112299,2.5813791751861572
0,0.0004552072787191719,112349,2.5813066959381104
0,0.00045491536729969084,112399,3.042494773864746
0,0.00045462348498404026,112449,2.959704875946045
0,0.0004543315735645592,112499,2.6355996131896973
0,0.0004540396621450782,112549,2.830427885055542
0,0.00045374775072559714,112599,2.6887366771698
0,0.00045345586840994656,112649,2.7761340141296387
0,0.0004531639569904655,112699,2.7861380577087402
0,0.0004528720455709845,112749,2.8196065425872803
0,0.00045258013415150344,112799,2.594745397567749
0,0.00045228825183585286,112849,2.742110252380371
0,0.0004519963404163718,112899,3.109980821609497
0,0.0004517044289968908,112949,3.433558464050293
0,0.00045141251757740974,112999,2.731351375579834
0,0.0004511206061579287,113049,2.556325912475586
0,0.0004508287238422781,113099,2.564967632293701
0,0.0004505368124227971,113149,3.2674083709716797
0,0.00045024490100331604,113199,2.663623809814453
0,0.000449952989583835,113249,3.1057629585266113
0,0.0004496611072681844,113299,3.0853734016418457
0,0.0004493691958487034,113349,3.2952184677124023
0,0.00044907728442922235,113399,2.7117323875427246
0,0.0004487853730097413,113449,3.0595171451568604
0,0.0004484934906940907,113499,2.701434850692749
0,0.0004482015792746097,113549,2.864527702331543
0,0.00044790966785512865,113599,2.9802188873291016
0,0.0004476177564356476,113649,2.7928128242492676
0,0.000447325874119997,113699,2.681157350540161
0,0.000447033962700516,113749,2.6882853507995605
0,0.00044674205128103495,113799,2.566549301147461
0,0.0004464501398615539,113849,2.9150235652923584
0,0.0004461582575459033,113899,2.9611990451812744
0,0.0004458663461264223,113949,2.6498169898986816
0,0.00044557443470694125,113999,2.4963860511779785
0,0.0004452825232874602,114049,2.695232629776001
0,0.0004449906409718096,114099,2.7365376949310303
0,0.0004446987295523286,114149,2.855968713760376
0,0.00044440681813284755,114199,2.6682820320129395
0,0.0004441149067133665,114249,2.6233699321746826
0,0.0004438230243977159,114299,2.864422559738159
0,0.0004435311129782349,114349,2.7005696296691895
0,0.00044323920155875385,114399,3.436871290206909
0,0.0004429472901392728,114449,2.908409595489502
0,0.0004426554078236222,114499,2.719989776611328
0,0.0004423634964041412,114549,2.8143982887268066
0,0.00044207158498466015,114599,2.7079923152923584
0,0.0004417796735651791,114649,2.7259602546691895
0,0.00044148779124952853,114699,2.857527017593384
0,0.0004411958798300475,114749,2.8577136993408203
0,0.00044090396841056645,114799,2.61271071434021
0,0.0004406120569910854,114849,2.7666354179382324
0,0.00044032017467543483,114899,2.9222490787506104
0,0.0004400282632559538,114949,2.7654948234558105
0,0.00043973635183647275,114999,2.743605852127075
0,0.0004394444404169917,115049,3.5437300205230713
0,0.00043915252899751067,115099,2.6118621826171875
0,0.0004388606466818601,115149,3.075777292251587
0,0.00043856873526237905,115199,2.7474639415740967
0,0.000438276823842898,115249,2.6709611415863037
0,0.00043798491242341697,115299,2.5548503398895264
0,0.0004376930301077664,115349,2.8038899898529053
0,0.00043740111868828535,115399,2.7540743350982666
0,0.0004371092072688043,115449,2.6203970909118652
0,0.00043681729584932327,115499,2.6497445106506348
0,0.0004365254135336727,115549,2.588388442993164
0,0.00043623350211419165,115599,2.6676180362701416
0,0.0004359415906947106,115649,2.9068737030029297
0,0.0004356496792752296,115699,2.5947303771972656
0,0.000435357796959579,115749,2.6221349239349365
0,0.00043506588554009795,115799,2.639176845550537
0,0.0004347739741206169,115849,2.4349074363708496
0,0.0004344820627011359,115899,2.928898811340332
0,0.0004341901803854853,115949,3.232449769973755
0,0.00043389826896600425,115999,2.9247891902923584
0,0.0004336063575465232,116049,2.7517716884613037
0,0.0004333144461270422,116099,2.6241776943206787
0,0.0004330225638113916,116149,2.8858964443206787
0,0.00043273065239191055,116199,3.1307618618011475
0,0.0004324387409724295,116249,3.1876604557037354
0,0.0004321468295529485,116299,2.9875388145446777
0,0.0004318549472372979,116349,2.820521593093872
0,0.00043156303581781685,116399,2.5543131828308105
0,0.0004312711243983358,116449,2.735283374786377
0,0.0004309792129788548,116499,2.5404255390167236
0,0.0004306873306632042,116549,2.9270124435424805
0,0.00043039541924372315,116599,3.03315806388855
0,0.0004301035078242421,116649,3.619518995285034
0,0.0004298115964047611,116699,2.829937219619751
0,0.0004295197140891105,116749,2.678166389465332
0,0.00042922780266962945,116799,2.711251735687256
0,0.0004289358912501484,116849,2.9728379249572754
0,0.0004286439798306674,116899,2.7557361125946045
0,0.0004283520975150168,116949,2.829348564147949
0,0.00042806018609553576,116999,2.708791971206665
0,0.0004277682746760547,117049,2.8382694721221924
0,0.0004274763632565737,117099,2.7299468517303467
0,0.00042718445183709264,117149,2.9453768730163574
0,0.00042689256952144206,117199,2.6759166717529297
0,0.000426600658101961,117249,2.9838624000549316
0,0.00042630874668248,117299,2.761291265487671
0,0.00042601683526299894,117349,3.0233192443847656
0,0.00042572495294734836,117399,2.7152798175811768
0,0.0004254330415278673,117449,2.692035436630249
0,0.0004251411301083863,117499,2.5713775157928467
0,0.00042484921868890524,117549,2.655721426010132
0,0.00042455733637325466,117599,2.634918451309204
0,0.0004242654249537736,117649,2.7411439418792725
0,0.0004239735135342926,117699,2.695847749710083
0,0.00042368160211481154,117749,2.989964485168457
0,0.00042338971979916096,117799,2.584054470062256
0,0.0004230978083796799,117849,2.6083321571350098
0,0.0004228058969601989,117899,3.1396734714508057
0,0.00042251398554071784,117949,2.657428741455078
0,0.00042222210322506726,117999,2.7312309741973877
0,0.0004219301918055862,118049,3.0774948596954346
0,0.0004216382803861052,118099,3.037616729736328
0,0.00042134636896662414,118149,2.7090213298797607
0,0.00042105448665097356,118199,2.465599775314331
0,0.0004207625752314925,118249,2.9128856658935547
0,0.0004204706638120115,118299,2.6689529418945312
0,0.00042017875239253044,118349,3.0708115100860596
0,0.00041988687007687986,118399,2.9855332374572754
0,0.0004195949586573988,118449,2.796541929244995
0,0.0004193030472379178,118499,2.61846923828125
0,0.00041901113581843674,118549,2.8371353149414062
0,0.00041871925350278616,118599,2.881753444671631
0,0.0004184273420833051,118649,2.993427276611328
0,0.0004181354306638241,118699,2.5760765075683594
0,0.00041784351924434304,118749,2.7032723426818848
0,0.00041755163692869246,118799,2.7355637550354004
0,0.0004172597255092114,118849,2.606163263320923
0,0.0004169678140897304,118899,2.6512575149536133
0,0.00041667590267024934,118949,2.7403340339660645
0,0.00041638402035459876,118999,2.6716578006744385
0,0.0004160921089351177,119049,2.6767075061798096
0,0.0004158001975156367,119099,2.633512496948242
0,0.00041550828609615564,119149,3.286118268966675
0,0.0004152163746766746,119199,2.6823184490203857
0,0.000414924492361024,119249,2.758619785308838
0,0.000414632580941543,119299,2.597806215286255
0,0.00041434066952206194,119349,2.963120698928833
0,0.0004140487581025809,119399,2.759751558303833
0,0.0004137568757869303,119449,2.6768670082092285
0,0.0004134649643674493,119499,2.6813559532165527
0,0.00041317305294796824,119549,3.351365327835083
0,0.0004128811415284872,119599,2.7644824981689453
0,0.0004125892592128366,119649,2.727642297744751
0,0.0004122973477933556,119699,2.6135776042938232
0,0.00041200543637387455,119749,2.722794532775879
0,0.0004117135249543935,119799,2.9647319316864014
0,0.0004114216426387429,119849,2.88955020904541
0,0.0004111297312192619,119899,2.59853196144104
0,0.00041083781979978085,119949,3.1432061195373535
0,0.0004105459083802998,119999,2.7306628227233887
0,0.0004102540260646492,120049,3.173344135284424
0,0.0004099621146451682,120099,3.2048723697662354
0,0.00040967020322568715,120149,2.9850096702575684
0,0.0004093782918062061,120199,3.0157411098480225
0,0.0004090864094905555,120249,3.2485780715942383
0,0.0004087944980710745,120299,2.560570001602173
0,0.00040850258665159345,120349,2.689189910888672
0,0.0004082106752321124,120399,2.6467981338500977
0,0.0004079187929164618,120449,2.8917179107666016
0,0.0004076268814969808,120499,3.1493546962738037
0,0.00040733497007749975,120549,2.8219404220581055
0,0.0004070430586580187,120599,3.200176954269409
0,0.0004067511763423681,120649,3.070127010345459
0,0.0004064592649228871,120699,3.153245210647583
0,0.00040616735350340605,120749,2.6625382900238037
0,0.000405875442083925,120799,2.8035552501678467
0,0.0004055835597682744,120849,2.5660150051116943
0,0.0004052916483487934,120899,2.6938772201538086
0,0.00040499973692931235,120949,2.7170538902282715
0,0.0004047078255098313,120999,2.9881432056427
0,0.00040441591409035027,121049,3.1681275367736816
0,0.0004041240317746997,121099,2.7607345581054688
0,0.00040383212035521865,121149,2.788808584213257
0,0.0004035402089357376,121199,2.6936464309692383
0,0.00040324829751625657,121249,2.6291017532348633
0,0.000402956415200606,121299,2.8243556022644043
0,0.00040266450378112495,121349,2.952644109725952
0,0.0004023725923616439,121399,2.5818278789520264
0,0.00040208068094216287,121449,2.5373575687408447
0,0.0004017887986265123,121499,2.8399205207824707
0,0.00040149688720703125,121549,3.092679262161255
0,0.0004012049757875502,121599,2.9258675575256348
0,0.00040091306436806917,121649,3.3569083213806152
0,0.0004006211820524186,121699,2.7944698333740234
0,0.00040032927063293755,121749,2.9096004962921143
0,0.0004000373592134565,121799,3.112450122833252
0,0.00039974544779397547,121849,2.8918302059173584
0,0.0003994535654783249,121899,2.7328598499298096
0,0.00039916165405884385,121949,2.586573839187622
0,0.0003988697426393628,121999,2.7821121215820312
0,0.0003985778312198818,122049,3.0724306106567383
0,0.0003982859489042312,122099,3.212961196899414
0,0.00039799403748475015,122149,2.993375778198242
0,0.0003977021260652691,122199,2.4953343868255615
0,0.0003974102146457881,122249,2.9764351844787598
0,0.0003971183323301375,122299,3.035205125808716
0,0.00039682642091065645,122349,3.34305739402771
0,0.0003965345094911754,122399,2.8937249183654785
0,0.0003962425980716944,122449,2.6314098834991455
0,0.0003959507157560438,122499,2.782282590866089
0,0.00039565880433656275,122549,2.489030599594116
0,0.0003953668929170817,122599,2.5848944187164307
0,0.0003950749814976007,122649,2.980431318283081
0,0.0003947830991819501,122699,2.8462846279144287
0,0.00039449118776246905,122749,2.6286425590515137
0,0.000394199276342988,122799,2.73537278175354
0,0.000393907364923507,122849,2.6870439052581787
0,0.0003936154826078564,122899,3.2498581409454346
0,0.00039332357118837535,122949,3.1792001724243164
0,0.0003930316597688943,122999,2.733179807662964
0,0.0003927397483494133,123049,2.7714645862579346
0,0.00039244783692993224,123099,2.8629395961761475
0,0.00039215595461428165,123149,3.1491358280181885
0,0.0003918640431948006,123199,2.6792142391204834
0,0.0003915721317753196,123249,2.6828083992004395
0,0.00039128022035583854,123299,2.7209208011627197
0,0.00039098833804018795,123349,2.7268402576446533
0,0.0003906964266207069,123399,2.5480499267578125
0,0.0003904045152012259,123449,2.6149895191192627
0,0.00039011260378174484,123499,2.924286365509033
0,0.00038982072146609426,123549,2.5471019744873047
0,0.0003895288100466132,123599,2.7026443481445312
0,0.0003892368986271322,123649,2.5571372509002686
0,0.00038894498720765114,123699,2.9589362144470215
0,0.00038865310489200056,123749,2.9954097270965576
0,0.0003883611934725195,123799,2.595672130584717
0,0.0003880692820530385,123849,2.9528236389160156
0,0.00038777737063355744,123899,2.7222673892974854
0,0.00038748548831790686,123949,2.7849838733673096
0,0.0003871935768984258,123999,2.7334580421447754
0,0.0003869016654789448,124049,3.0578248500823975
0,0.00038660975405946374,124099,2.9200520515441895
0,0.00038631787174381316,124149,2.825713634490967
0,0.0003860259603243321,124199,2.880117893218994
0,0.0003857340489048511,124249,2.823197603225708
0,0.00038544213748537004,124299,2.8031656742095947
0,0.00038515025516971946,124349,2.699686288833618
0,0.0003848583437502384,124399,3.021590232849121
0,0.0003845664323307574,124449,2.568253755569458
0,0.00038427452091127634,124499,3.177819013595581
0,0.00038398263859562576,124549,2.8890879154205322
0,0.0003836907271761447,124599,3.271009683609009
0,0.0003833988157566637,124649,2.8419485092163086
0,0.00038310690433718264,124699,2.580512762069702
0,0.00038281502202153206,124749,2.76141619682312
0,0.000382523110602051,124799,2.836033582687378
0,0.00038223119918257,124849,2.7326934337615967
0,0.00038193928776308894,124899,3.4277470111846924
0,0.00038164740544743836,124949,2.994558334350586
0,0.0003813554940279573,124999,2.88429856300354
0,0.0003810635826084763,125049,2.7918543815612793
0,0.00038077167118899524,125099,2.8458948135375977
0,0.0003804797597695142,125149,2.755350351333618
0,0.0003801878774538636,125199,2.811300277709961
0,0.0003798959660343826,125249,2.979809522628784
0,0.00037960405461490154,125299,2.970285654067993
0,0.0003793121431954205,125349,2.711956262588501
0,0.0003790202608797699,125399,2.979708671569824
0,0.0003787283494602889,125449,2.7196273803710938
0,0.00037843643804080784,125499,2.766493320465088
0,0.0003781445266213268,125549,2.847092866897583
0,0.0003778526443056762,125599,2.677292585372925
0,0.0003775607328861952,125649,2.6767091751098633
0,0.00037726882146671414,125699,2.6452014446258545
0,0.0003769769100472331,125749,2.728816509246826
0,0.0003766850277315825,125799,3.4440455436706543
0,0.0003763931163121015,125849,2.738013505935669
0,0.00037610120489262044,125899,2.8939566612243652
0,0.0003758092934731394,125949,2.7074484825134277
0,0.0003755174111574888,125999,3.1049067974090576
0,0.0003752254997380078,126049,3.046395778656006
0,0.00037493358831852674,126099,3.1112847328186035
0,0.0003746416768990457,126149,3.2061333656311035
0,0.0003743497945833951,126199,2.5223350524902344
0,0.0003740578831639141,126249,2.7227635383605957
0,0.00037376597174443305,126299,2.7504079341888428
0,0.000373474060324952,126349,2.6379435062408447
0,0.0003731821780093014,126399,2.5586209297180176
0,0.0003728902665898204,126449,2.8850815296173096
0,0.00037259835517033935,126499,2.9527201652526855
0,0.0003723064437508583,126549,2.6412835121154785
0,0.0003720145614352077,126599,2.863818883895874
0,0.0003717226500157267,126649,2.89790415763855
0,0.00037143073859624565,126699,3.1917169094085693
0,0.0003711388271767646,126749,2.699554920196533
0,0.000370846944861114,126799,2.93459153175354
0,0.000370555033441633,126849,2.5283215045928955
0,0.00037026312202215195,126899,2.8305399417877197
0,0.0003699712106026709,126949,2.6218550205230713
0,0.0003696793282870203,126999,3.249290943145752
0,0.0003693874168675393,127049,2.770686149597168
0,0.00036909550544805825,127099,2.560093879699707
0,0.0003688035940285772,127149,2.6036627292633057
0,0.00036851168260909617,127199,2.581782341003418
0,0.0003682198002934456,127249,2.9945030212402344
0,0.00036792788887396455,127299,2.5970425605773926
0,0.0003676359774544835,127349,3.0702855587005615
0,0.00036734406603500247,127399,3.1041250228881836
0,0.0003670521837193519,127449,3.04911208152771
0,0.00036676027229987085,127499,2.684419870376587
0,0.0003664683608803898,127549,2.900453567504883
0,0.00036617644946090877,127599,2.739055633544922
0,0.0003658845671452582,127649,2.7136359214782715
0,0.00036559265572577715,127699,3.1104795932769775
0,0.0003653007443062961,127749,2.741584300994873
0,0.00036500883288681507,127799,2.7201437950134277
0,0.0003647169505711645,127849,2.769679069519043
0,0.00036442503915168345,127899,2.878107786178589
0,0.0003641331277322024,127949,3.1535837650299072
0,0.00036384121631272137,127999,2.796480417251587
0,0.0003635493339970708,128049,2.5437474250793457
0,0.00036325742257758975,128099,2.8944332599639893
0,0.0003629655111581087,128149,2.8946011066436768
0,0.00036267359973862767,128199,2.8156211376190186
0,0.0003623817174229771,128249,2.795408248901367
0,0.00036208980600349605,128299,2.3606722354888916
0,0.000361797894584015,128349,2.6589574813842773
0,0.00036150598316453397,128399,2.711961030960083
0,0.0003612141008488834,128449,2.6099934577941895
0,0.00036092218942940235,128499,2.584188938140869
0,0.0003606302780099213,128549,2.787792682647705
0,0.0003603383665904403,128599,2.708690881729126
0,0.0003600464842747897,128649,3.062049388885498
0,0.00035975457285530865,128699,2.8007652759552
0,0.0003594626614358276,128749,2.6399929523468018
0,0.0003591707500163466,128799,3.0474278926849365
0,0.000358878867700696,128849,3.066479206085205
0,0.00035858695628121495,128899,2.6834495067596436
0,0.0003582950448617339,128949,2.9557993412017822
0,0.0003580031334422529,128999,3.3288443088531494
0,0.00035771122202277184,129049,2.5975542068481445
0,0.00035741933970712125,129099,2.5514771938323975
0,0.0003571274282876402,129149,2.6967320442199707
0,0.0003568355168681592,129199,3.475667715072632
0,0.00035654360544867814,129249,3.6716315746307373
0,0.00035625172313302755,129299,3.317634344100952
0,0.0003559598117135465,129349,2.9963598251342773
0,0.0003556679002940655,129399,2.9706482887268066
0,0.00035537598887458444,129449,2.83314847946167
0,0.00035508410655893385,129499,2.841707468032837
0,0.0003547921951394528,129549,3.0938704013824463
0,0.0003545002837199718,129599,2.8872885704040527
0,0.00035420837230049074,129649,2.82427978515625
0,0.00035391648998484015,129699,2.5670433044433594
0,0.0003536245785653591,129749,2.623305320739746
0,0.0003533326671458781,129799,2.7356984615325928
0,0.00035304075572639704,129849,2.959226131439209
0,0.00035274887341074646,129899,2.4776997566223145
0,0.0003524569619912654,129949,2.630014657974243
0,0.0003521650505717844,129999,2.948380470275879
0,0.00035187313915230334,130049,2.7144641876220703
0,0.00035158125683665276,130099,2.96406626701355
0,0.0003512893454171717,130149,2.7126076221466064
0,0.0003509974339976907,130199,2.578155994415283
0,0.00035070552257820964,130249,2.6799967288970947
0,0.00035041364026255906,130299,3.211117744445801
0,0.000350121728843078,130349,2.5476531982421875
0,0.000349829817423597,130399,2.8214447498321533
0,0.00034953790600411594,130449,2.99980092048645
0,0.00034924602368846536,130499,2.9701056480407715
0,0.0003489541122689843,130549,3.0510129928588867
0,0.0003486622008495033,130599,2.864443778991699
0,0.00034837028943002224,130649,2.9789061546325684
0,0.00034807840711437166,130699,2.760251045227051
0,0.0003477864956948906,130749,3.076298713684082
0,0.0003474945842754096,130799,2.7383856773376465
0,0.00034720267285592854,130849,2.617702007293701
0,0.00034691079054027796,130899,2.8099300861358643
0,0.0003466188791207969,130949,2.8361306190490723
0,0.0003463269677013159,130999,3.018470048904419
0,0.00034603505628183484,131049,2.9337780475616455
0,0.0003457431448623538,131099,2.639495611190796
0,0.0003454512625467032,131149,2.6859841346740723
0,0.0003451593511272222,131199,2.6254031658172607
0,0.00034486743970774114,131249,2.8456552028656006
0,0.0003445755282882601,131299,2.747316598892212
0,0.0003442836459726095,131349,2.7007529735565186
0,0.0003439917345531285,131399,2.6030638217926025
0,0.00034369982313364744,131449,2.8178153038024902
0,0.0003434079117141664,131499,2.796898603439331
0,0.0003431160293985158,131549,2.6603968143463135
0,0.0003428241179790348,131599,3.495220184326172
0,0.00034253220655955374,131649,2.7867624759674072
0,0.0003422402951400727,131699,2.8179867267608643
0,0.0003419484128244221,131749,2.735175371170044
0,0.0003416565014049411,131799,2.8386964797973633
0,0.00034136458998546004,131849,2.654832363128662
0,0.000341072678565979,131899,3.2527244091033936
0,0.0003407807962503284,131949,2.9909470081329346
0,0.0003404888848308474,131999,3.2265219688415527
0,0.00034019697341136634,132049,2.7723660469055176
0,0.0003399050619918853,132099,2.9001731872558594
0,0.0003396131796762347,132149,2.737961769104004
0,0.0003393212682567537,132199,2.4301185607910156
0,0.00033902935683727264,132249,2.9571263790130615
0,0.0003387374454177916,132299,2.892496109008789
0,0.000338445563102141,132349,2.911447048187256
0,0.00033815365168266,132399,2.6193583011627197
0,0.00033786174026317894,132449,2.836874008178711
0,0.0003375698288436979,132499,2.478607177734375
0,0.0003372779465280473,132549,2.571972370147705
0,0.0003369860351085663,132599,2.7474687099456787
0,0.00033669412368908525,132649,3.190387487411499
0,0.0003364022122696042,132699,2.5664713382720947
0,0.0003361103299539536,132749,2.651345729827881
0,0.0003358184185344726,132799,2.654350757598877
0,0.00033552650711499155,132849,2.7325050830841064
0,0.0003352345956955105,132899,2.965641975402832
0,0.0003349427133798599,132949,2.644989013671875
0,0.0003346508019603789,132999,2.7366552352905273
0,0.00033435889054089785,133049,2.5027716159820557
0,0.0003340669791214168,133099,2.793445587158203
0,0.00033377506770193577,133149,2.822946786880493
0,0.0003334831853862852,133199,2.8005738258361816
0,0.00033319127396680415,133249,2.605027914047241
0,0.0003328993625473231,133299,2.805507183074951
0,0.00033260745112784207,133349,2.9093589782714844
0,0.0003323155688121915,133399,2.757981777191162
0,0.00033202365739271045,133449,2.5970730781555176
0,0.0003317317459732294,133499,3.451382637023926
0,0.00033143983455374837,133549,3.273852825164795
0,0.0003311479522380978,133599,2.47187876701355
0,0.00033085604081861675,133649,2.6846818923950195
0,0.0003305641293991357,133699,2.6856908798217773
0,0.00033027221797965467,133749,2.6700685024261475
0,0.0003299803356640041,133799,2.7793707847595215
0,0.00032968842424452305,133849,3.0681142807006836
0,0.000329396512825042,133899,3.0666866302490234
0,0.00032910460140556097,133949,2.6933271884918213
0,0.0003288127190899104,133999,2.592288017272949
0,0.00032852080767042935,134049,2.649449110031128
0,0.0003282288962509483,134099,2.5230894088745117
0,0.00032793698483146727,134149,3.186582326889038
0,0.0003276451025158167,134199,2.7566678524017334
0,0.00032735319109633565,134249,2.9308204650878906
0,0.0003270612796768546,134299,2.943640947341919
0,0.00032676936825737357,134349,2.659353733062744
0,0.000326477485941723,134399,2.782252788543701
0,0.00032618557452224195,134449,2.9136362075805664
0,0.0003258936631027609,134499,2.692178726196289
0,0.00032560175168327987,134549,2.574519395828247
0,0.0003253098693676293,134599,2.8472952842712402
0,0.00032501795794814825,134649,2.7559690475463867
0,0.0003247260465286672,134699,2.986485481262207
0,0.00032443413510918617,134749,2.62247371673584
0,0.0003241422527935356,134799,2.938730001449585
0,0.00032385034137405455,134849,2.9695818424224854
0,0.0003235584299545735,134899,2.9078292846679688
0,0.0003232665185350925,134949,2.7574210166931152
0,0.0003229746362194419,134999,2.666914463043213
0,0.00032268272479996085,135049,2.591679096221924
0,0.0003223908133804798,135099,2.749316930770874
0,0.0003220989019609988,135149,2.9966611862182617
0,0.00032180699054151773,135199,2.900993824005127
0,0.00032151510822586715,135249,3.0020267963409424
0,0.0003212231968063861,135299,2.9888269901275635
0,0.0003209312853869051,135349,2.5612690448760986
0,0.00032063937396742404,135399,2.9731862545013428
0,0.00032034749165177345,135449,3.0352513790130615
0,0.0003200555802322924,135499,3.0167534351348877
0,0.0003197636688128114,135549,2.6926076412200928
0,0.00031947175739333034,135599,2.8881189823150635
0,0.00031917987507767975,135649,2.938002347946167
0,0.0003188879636581987,135699,2.8802804946899414
0,0.0003185960522387177,135749,2.619222402572632
0,0.00031830414081923664,135799,3.021514654159546
0,0.00031801225850358605,135849,3.3047943115234375
0,0.000317720347084105,135899,2.623507261276245
0,0.000317428435664624,135949,2.899824619293213
0,0.00031713652424514294,135999,2.8893377780914307
0,0.00031684464192949235,136049,2.7850682735443115
0,0.0003165527305100113,136099,2.6657826900482178
0,0.0003162608190905303,136149,2.809624433517456
0,0.00031596890767104924,136199,2.8479862213134766
0,0.00031567702535539865,136249,2.9369943141937256
0,0.0003153851139359176,136299,2.7526092529296875
0,0.0003150932025164366,136349,2.5922658443450928
0,0.00031480129109695554,136399,2.8416824340820312
0,0.00031450940878130496,136449,2.6863200664520264
0,0.0003142174973618239,136499,2.5422134399414062
0,0.0003139255859423429,136549,2.899747848510742
0,0.00031363367452286184,136599,2.7404825687408447
0,0.00031334179220721126,136649,2.770026922225952
0,0.0003130498807877302,136699,2.7830512523651123
0,0.0003127579693682492,136749,2.7824583053588867
0,0.00031246605794876814,136799,2.953941822052002
0,0.00031217417563311756,136849,2.8304927349090576
0,0.0003118822642136365,136899,2.6823618412017822
0,0.0003115903527941555,136949,2.7876973152160645
0,0.00031129844137467444,136999,2.825571060180664
0,0.0003110065299551934,137049,2.711483955383301
0,0.0003107146476395428,137099,3.0524957180023193
0,0.0003104227362200618,137149,2.748765230178833
0,0.00031013082480058074,137199,2.654843807220459
0,0.0003098389133810997,137249,2.6779026985168457
0,0.0003095470310654491,137299,2.781205892562866
0,0.0003092551196459681,137349,2.7657179832458496
0,0.00030896320822648704,137399,2.7209393978118896
0,0.000308671296807006,137449,2.511303424835205
0,0.0003083794144913554,137499,3.156700611114502
0,0.0003080875030718744,137549,2.760101556777954
0,0.00030779559165239334,137599,2.753824472427368
0,0.0003075036802329123,137649,2.9203617572784424
0,0.0003072117979172617,137699,2.4378185272216797
0,0.0003069198864977807,137749,2.6801064014434814
0,0.00030662797507829964,137799,2.6605827808380127
0,0.0003063360636588186,137849,2.8069944381713867
0,0.000306044181343168,137899,2.889597177505493
0,0.000305752269923687,137949,2.6081485748291016
0,0.00030546035850420594,137999,3.226346969604492
0,0.0003051684470847249,138049,2.5993669033050537
0,0.0003048765647690743,138099,2.8881757259368896
0,0.0003045846533495933,138149,2.8302881717681885
0,0.00030429274193011224,138199,2.7794618606567383
0,0.0003040008305106312,138249,2.5233492851257324
0,0.0003037089481949806,138299,2.7451295852661133
0,0.0003034170367754996,138349,2.6666030883789062
0,0.00030312512535601854,138399,2.844196319580078
0,0.0003028332139365375,138449,2.6439993381500244
0,0.0003025413316208869,138499,2.689837694168091
0,0.0003022494202014059,138549,2.8481969833374023
0,0.00030195750878192484,138599,2.8802576065063477
0,0.0003016655973624438,138649,2.746793508529663
0,0.0003013737150467932,138699,2.5471324920654297
0,0.0003010818036273122,138749,2.4245593547821045
0,0.00030078989220783114,138799,2.544818639755249
0,0.0003004979807883501,138849,3.0491247177124023
0,0.0003002060984726995,138899,2.5695853233337402
0,0.0002999141870532185,138949,3.1014490127563477
0,0.00029962227563373744,138999,2.6971099376678467
0,0.0002993303642142564,139049,2.7383804321289062
0,0.00029903845279477537,139099,2.631521701812744
0,0.0002987465704791248,139149,3.098942995071411
0,0.00029845465905964375,139199,2.8871281147003174
0,0.0002981627476401627,139249,2.6634459495544434
0,0.00029787083622068167,139299,2.8143253326416016
0,0.0002975789539050311,139349,2.699951410293579
0,0.00029728704248555005,139399,2.537126302719116
0,0.000296995131066069,139449,2.7258429527282715
0,0.00029670321964658797,139499,2.8155555725097656
0,0.0002964113373309374,139549,2.7911770343780518
0,0.00029611942591145635,139599,2.6852009296417236
0,0.0002958275144919753,139649,3.022003650665283
0,0.00029553560307249427,139699,2.557166576385498
0,0.0002952437207568437,139749,2.789090633392334
0,0.00029495180933736265,139799,2.6588809490203857
0,0.0002946598979178816,139849,2.74064564704895
0,0.00029436798649840057,139899,2.6942827701568604
0,0.00029407610418275,139949,2.7917070388793945
0,0.00029378419276326895,139999,2.5186307430267334
0,0.0002934922813437879,140049,2.8098225593566895
0,0.00029320036992430687,140099,2.6817703247070312
0,0.0002929084876086563,140149,2.9082489013671875
0,0.00029261657618917525,140199,2.706361770629883
0,0.0002923246647696942,140249,2.7018959522247314
0,0.00029203275335021317,140299,2.569230794906616
0,0.0002917408710345626,140349,2.647433042526245
0,0.00029144895961508155,140399,2.8787152767181396
0,0.0002911570481956005,140449,2.781619071960449
0,0.00029086513677611947,140499,2.5822505950927734
0,0.0002905732544604689,140549,2.6321067810058594
0,0.00029028134304098785,140599,2.812883138656616
0,0.0002899894316215068,140649,2.836256980895996
0,0.00028969752020202577,140699,2.786313056945801
0,0.0002894056378863752,140749,2.7993555068969727
0,0.00028911372646689415,140799,2.608098268508911
0,0.0002888218150474131,140849,2.745774745941162
0,0.00028852990362793207,140899,2.667998790740967
0,0.0002882380213122815,140949,2.9716176986694336
0,0.00028794610989280045,140999,2.8276076316833496
0,0.0002876541984733194,141049,2.7911598682403564
0,0.00028736228705383837,141099,2.9643290042877197
0,0.00028707037563435733,141149,2.6259024143218994
0,0.00028677849331870675,141199,2.831988573074341
0,0.0002864865818992257,141249,3.029909372329712
0,0.00028619467047974467,141299,2.7373039722442627
0,0.00028590275906026363,141349,2.6221280097961426
0,0.00028561087674461305,141399,2.7789156436920166
0,0.000285318965325132,141449,2.8949496746063232
0,0.000285027053905651,141499,2.6616876125335693
0,0.00028473514248616993,141549,2.4248273372650146
0,0.00028444326017051935,141599,2.9708003997802734
0,0.0002841513487510383,141649,2.866462230682373
0,0.0002838594373315573,141699,3.097166061401367
0,0.00028356752591207623,141749,2.747173309326172
0,0.00028327564359642565,141799,2.7029106616973877
0,0.0002829837321769446,141849,2.6174111366271973
0,0.0002826918207574636,141899,2.954049825668335
0,0.00028239990933798254,141949,2.636014938354492
0,0.00028210802702233195,141999,2.543067455291748
0,0.0002818161156028509,142049,2.9310176372528076
0,0.0002815242041833699,142099,2.372666120529175
0,0.00028123229276388884,142149,2.6301050186157227
0,0.00028094041044823825,142199,2.790405035018921
0,0.0002806484990287572,142249,2.695711374282837
0,0.0002803565876092762,142299,2.8083930015563965
0,0.00028006467618979514,142349,2.790039539337158
0,0.00027977279387414455,142399,2.924767255783081
0,0.0002794808824546635,142449,3.2833309173583984
0,0.0002791889710351825,142499,2.819929838180542
0,0.00027889705961570144,142549,2.724860906600952
0,0.00027860517730005085,142599,2.647535562515259
0,0.0002783132658805698,142649,3.1250548362731934
0,0.0002780213544610888,142699,3.009528875350952
0,0.00027772944304160774,142749,2.831448793411255
0,0.00027743756072595716,142799,2.6169345378875732
0,0.0002771456493064761,142849,2.817094326019287
0,0.0002768537378869951,142899,2.6799802780151367
0,0.00027656182646751404,142949,3.0882513523101807
0,0.00027626994415186346,142999,2.8709840774536133
0,0.0002759780327323824,143049,2.7825498580932617
0,0.0002756861213129014,143099,2.7263314723968506
0,0.00027539420989342034,143149,2.8199918270111084
0,0.0002751022984739393,143199,2.7684876918792725
0,0.0002748104161582887,143249,2.8480682373046875
0,0.0002745185047388077,143299,2.582003116607666
0,0.00027422659331932664,143349,2.6820762157440186
0,0.0002739346818998456,143399,2.6563475131988525
0,0.000273642799584195,143449,2.5305540561676025
0,0.000273350888164714,143499,2.5541787147521973
0,0.00027305897674523294,143549,3.1011977195739746
0,0.0002727670653257519,143599,2.9263389110565186
0,0.0002724751830101013,143649,3.114583969116211
0,0.0002721832715906203,143699,2.680558681488037
0,0.00027189136017113924,143749,3.0610203742980957
0,0.0002715994487516582,143799,2.821782112121582
0,0.0002713075664360076,143849,2.81939697265625
0,0.0002710156550165266,143899,2.5095582008361816
0,0.00027072374359704554,143949,2.613208055496216
0,0.0002704318321775645,143999,2.690448760986328
0,0.0002701399498619139,144049,2.586822509765625
0,0.0002698480384424329,144099,2.882020950317383
0,0.00026955612702295184,144149,2.606022357940674
0,0.0002692642156034708,144199,2.873183012008667
0,0.0002689723332878202,144249,2.818286895751953
0,0.0002686804218683392,144299,2.5964603424072266
0,0.00026838851044885814,144349,2.918295383453369
0,0.0002680965990293771,144399,3.109401226043701
0,0.0002678047167137265,144449,2.6271979808807373
0,0.0002675128052942455,144499,2.644263982772827
0,0.00026722089387476444,144549,2.9920268058776855
0,0.0002669289824552834,144599,2.681554079055786
0,0.0002666371001396328,144649,2.6173171997070312
0,0.0002663451887201518,144699,2.661466598510742
0,0.00026605327730067074,144749,2.7815394401550293
0,0.0002657613658811897,144799,2.7353014945983887
0,0.0002654694835655391,144849,3.1301164627075195
0,0.0002651775721460581,144899,2.6757426261901855
0,0.00026488566072657704,144949,2.6115288734436035
0,0.000264593749307096,144999,3.076186180114746
0,0.00026430183788761497,145049,3.242786169052124
0,0.0002640099555719644,145099,3.097656011581421
0,0.00026371804415248334,145149,2.7587382793426514
0,0.0002634261327330023,145199,2.6039092540740967
0,0.00026313422131352127,145249,2.7379517555236816
0,0.0002628423389978707,145299,2.555988311767578
0,0.00026255042757838964,145349,2.6196067333221436
0,0.0002622585161589086,145399,2.833305835723877
0,0.00026196660473942757,145449,2.6897330284118652
0,0.000261674722423777,145499,2.5564486980438232
0,0.00026138281100429595,145549,2.7681498527526855
0,0.0002610908995848149,145599,2.8972392082214355
0,0.00026079898816533387,145649,2.627019166946411
0,0.0002605071058496833,145699,2.720682144165039
0,0.00026021519443020225,145749,2.8592276573181152
0,0.0002599232830107212,145799,3.31225848197937
0,0.00025963137159124017,145849,2.632842540740967
0,0.0002593394892755896,145899,3.1701571941375732
0,0.00025904757785610855,145949,2.84977126121521
0,0.0002587556664366275,145999,2.805358648300171
0,0.00025846375501714647,146049,3.1245505809783936
0,0.0002581718727014959,146099,2.6934702396392822
0,0.00025787996128201485,146149,2.4997782707214355
0,0.0002575880498625338,146199,2.566272020339966
0,0.00025729613844305277,146249,2.7779204845428467
0,0.0002570042561274022,146299,3.2247915267944336
0,0.00025671234470792115,146349,2.7185170650482178
0,0.0002564204332884401,146399,2.738330125808716
0,0.00025612852186895907,146449,2.5829825401306152
0,0.0002558366395533085,146499,2.7305028438568115
0,0.00025554472813382745,146549,2.6909425258636475
0,0.0002552528167143464,146599,2.4167797565460205
0,0.00025496090529486537,146649,2.8147099018096924
0,0.0002546690229792148,146699,2.675675630569458
0,0.00025437711155973375,146749,2.677638053894043
0,0.0002540852001402527,146799,2.7525992393493652
0,0.00025379328872077167,146849,3.005981683731079
0,0.0002535014064051211,146899,2.588331460952759
0,0.00025320949498564005,146949,3.108668327331543
0,0.000252917583566159,146999,2.53855299949646
0,0.00025262567214667797,147049,2.9315521717071533
0,0.00025233376072719693,147099,2.534114122390747
0,0.00025204187841154635,147149,3.085153818130493
0,0.0002517499669920653,147199,2.8706724643707275
0,0.00025145805557258427,147249,2.5612905025482178
0,0.00025116614415310323,147299,2.8593666553497314
0,0.00025087426183745265,147349,2.7227373123168945
0,0.0002505823504179716,147399,2.732511520385742
0,0.00025029043899849057,147449,2.894134283065796
0,0.00024999852757900953,147499,2.5137133598327637
0,0.00024970664526335895,147549,2.749094247817993
0,0.0002494147338438779,147599,2.58129620552063
0,0.00024912282242439687,147649,2.9729864597320557
0,0.00024883091100491583,147699,3.1046104431152344
0,0.00024853902868926525,147749,3.152000665664673
0,0.0002482471172697842,147799,2.8466808795928955
0,0.0002479552058503032,147849,2.651754140853882
0,0.00024766329443082213,147899,3.297100305557251
0,0.00024737141211517155,147949,2.695589780807495
0,0.0002470795006956905,147999,2.6469266414642334
0,0.0002467875892762095,148049,2.9231839179992676
0,0.00024649567785672843,148099,2.707784414291382
0,0.00024620379554107785,148149,2.6157314777374268
0,0.0002459118841215968,148199,2.830857038497925
0,0.0002456199727021158,148249,2.8382749557495117
0,0.00024532806128263474,148299,3.3912644386291504
0,0.00024503617896698415,148349,2.6714675426483154
0,0.0002447442675475031,148399,2.94474458694458
0,0.0002444523561280221,148449,2.8849546909332275
0,0.00024416044470854104,148499,2.6744320392608643
0,0.00024386854784097522,148549,2.695186138153076
0,0.00024357665097340941,148599,2.7358856201171875
0,0.00024328473955392838,148649,2.6819653511047363
0,0.00024299284268636256,148699,2.8401381969451904
0,0.00024270093126688153,148749,2.8604257106781006
0,0.00024240903439931571,148799,2.641061782836914
0,0.00024211712297983468,148849,3.3000917434692383
0,0.00024182522611226887,148899,2.7113261222839355
0,0.00024153331469278783,148949,3.0989015102386475
0,0.00024124141782522202,148999,2.7336137294769287
0,0.00024094950640574098,149049,2.752514362335205
0,0.00024065759498625994,149099,3.364318609237671
0,0.00024036569811869413,149149,2.6732685565948486
0,0.0002400737866992131,149199,2.629612922668457
0,0.00023978188983164728,149249,3.158360004425049
0,0.00023948997841216624,149299,2.614262580871582
0,0.00023919808154460043,149349,2.7096540927886963
0,0.0002389061701251194,149399,2.6918463706970215
0,0.00023861427325755358,149449,3.435997247695923
0,0.00023832236183807254,149499,3.045254707336426
0,0.00023803046497050673,149549,2.6069090366363525
0,0.0002377385535510257,149599,2.7371957302093506
0,0.00023744665668345988,149649,2.717698812484741
0,0.00023715474526397884,149699,2.8577280044555664
0,0.00023686284839641303,149749,2.6231305599212646
0,0.000236570936976932,149799,2.734283924102783
0,0.00023627904010936618,149849,2.7019951343536377
0,0.00023598712868988514,149899,2.9503986835479736
0,0.00023569523182231933,149949,2.614982843399048
0,0.0002354033204028383,149999,2.7342488765716553
0,0.00023511142353527248,150049,2.735374689102173
0,0.00023481951211579144,150099,2.567111015319824
0,0.00023452761524822563,150149,2.7170662879943848
0,0.0002342357038287446,150199,2.8271727561950684
0,0.00023394380696117878,150249,2.6888961791992188
0,0.00023365189554169774,150299,2.6275315284729004
0,0.00023335999867413193,150349,2.7548024654388428
0,0.0002330680872546509,150399,2.5556399822235107
0,0.00023277619038708508,150449,3.03572416305542
0,0.00023248427896760404,150499,2.8440918922424316
0,0.00023219238210003823,150549,2.655057668685913
0,0.0002319004706805572,150599,2.602952718734741
0,0.00023160857381299138,150649,3.0095643997192383
0,0.00023131666239351034,150699,2.8522419929504395
0,0.00023102476552594453,150749,2.680241584777832
0,0.0002307328541064635,150799,2.8513689041137695
0,0.00023044095723889768,150849,2.8620359897613525
0,0.00023014904581941664,150899,2.5372426509857178
0,0.00022985714895185083,150949,2.466681718826294
0,0.0002295652375323698,150999,2.4995458126068115
0,0.00022927332611288875,151049,2.640817642211914
0,0.00022898142924532294,151099,2.667612314224243
0,0.0002286895178258419,151149,2.8682899475097656
0,0.0002283976209582761,151199,3.2096989154815674
0,0.00022810570953879505,151249,2.886488437652588
0,0.00022781381267122924,151299,2.833099842071533
0,0.0002275219012517482,151349,2.460292339324951
0,0.0002272300043841824,151399,2.7960195541381836
0,0.00022693809296470135,151449,2.6283676624298096
0,0.00022664619609713554,151499,2.6392102241516113
0,0.0002263542846776545,151549,2.7768917083740234
0,0.0002260623878100887,151599,2.6300015449523926
0,0.00022577047639060766,151649,2.898289203643799
0,0.00022547857952304184,151699,2.741474151611328
0,0.0002251866681035608,151749,2.7486212253570557
0,0.000224894771235995,151799,2.743633270263672
0,0.00022460285981651396,151849,3.06278133392334
0,0.00022431096294894814,151899,2.913233757019043
0,0.0002240190515294671,151949,2.4885993003845215
0,0.0002237271546619013,151999,2.9998586177825928
0,0.00022343524324242026,152049,2.641263484954834
0,0.00022314334637485445,152099,2.589454174041748
0,0.0002228514349553734,152149,2.625819683074951
0,0.0002225595380878076,152199,2.6485676765441895
0,0.00022226762666832656,152249,2.85762095451355
0,0.00022197572980076075,152299,2.482588291168213
0,0.0002216838183812797,152349,2.4824414253234863
0,0.0002213919215137139,152399,2.644838571548462
0,0.00022110001009423286,152449,2.6649842262268066
0,0.00022080811322666705,152499,2.7128102779388428
0,0.000220516201807186,152549,2.7683780193328857
0,0.0002202243049396202,152599,2.9229838848114014
0,0.00021993239352013916,152649,2.535092353820801
0,0.00021964049665257335,152699,2.719862937927246
0,0.0002193485852330923,152749,2.7268998622894287
0,0.0002190566883655265,152799,2.8030080795288086
0,0.00021876477694604546,152849,3.200432062149048
0,0.00021847288007847965,152899,3.1787967681884766
0,0.0002181809686589986,152949,2.697390079498291
0,0.0002178890717914328,152999,2.6426146030426025
0,0.00021759716037195176,153049,3.35235595703125
0,0.00021730524895247072,153099,2.9506778717041016
0,0.0002170133520849049,153149,2.725724220275879
0,0.00021672144066542387,153199,2.9683094024658203
0,0.00021642954379785806,153249,2.7537457942962646
0,0.00021613763237837702,153299,2.578439474105835
0,0.0002158457355108112,153349,2.712186098098755
0,0.00021555382409133017,153399,2.7176296710968018
0,0.00021526192722376436,153449,2.992636203765869
0,0.00021497001580428332,153499,2.9833624362945557
0,0.0002146781189367175,153549,2.8732433319091797
0,0.00021438620751723647,153599,2.7855236530303955
0,0.00021409431064967066,153649,2.779783010482788
0,0.00021380239923018962,153699,2.6291353702545166
0,0.0002135105023626238,153749,2.6611030101776123
0,0.00021321859094314277,153799,2.5457568168640137
0,0.00021292669407557696,153849,3.2142229080200195
0,0.00021263478265609592,153899,2.715385913848877
0,0.0002123428857885301,153949,2.5310773849487305
0,0.00021205097436904907,153999,3.4573967456817627
0,0.00021175907750148326,154049,2.9870731830596924
0,0.00021146716608200222,154099,2.4889492988586426
0,0.0002111752692144364,154149,2.57674503326416
0,0.00021088335779495537,154199,3.1429128646850586
0,0.00021059146092738956,154249,3.2089807987213135
0,0.00021029954950790852,154299,2.843928575515747
0,0.0002100076526403427,154349,2.5905849933624268
0,0.00020971574122086167,154399,2.7842788696289062
0,0.00020942384435329586,154449,2.585705518722534
0,0.00020913193293381482,154499,2.8596484661102295
0,0.000208840036066249,154549,3.0010814666748047
0,0.00020854812464676797,154599,2.74802827835083
0,0.00020825622777920216,154649,2.8576176166534424
0,0.00020796431635972112,154699,3.343702793121338
0,0.0002076724194921553,154749,2.836846351623535
0,0.00020738050807267427,154799,2.538370370864868
0,0.00020708861120510846,154849,2.5818030834198
0,0.00020679669978562742,154899,2.610471248626709
0,0.00020650480291806161,154949,3.2040584087371826
0,0.00020621289149858057,154999,2.6377034187316895
0,0.00020592098007909954,155049,2.7169675827026367
0,0.00020562908321153373,155099,2.7294631004333496
0,0.00020533717179205269,155149,2.680743932723999
0,0.00020504527492448688,155199,2.790595054626465
0,0.00020475336350500584,155249,2.4704489707946777
0,0.00020446146663744003,155299,2.7409565448760986
0,0.000204169555217959,155349,2.567200183868408
0,0.00020387765835039318,155399,2.802765369415283
0,0.00020358574693091214,155449,2.5922229290008545
0,0.00020329385006334633,155499,2.546271800994873
0,0.0002030019386438653,155549,3.121648073196411
0,0.00020271004177629948,155599,2.7176177501678467
0,0.00020241813035681844,155649,2.6164865493774414
0,0.00020212623348925263,155699,2.8867669105529785
0,0.0002018343220697716,155749,2.720888614654541
0,0.00020154242520220578,155799,2.8156609535217285
0,0.00020125051378272474,155849,2.9453389644622803
0,0.00020095861691515893,155899,2.799941062927246
0,0.0002006667054956779,155949,3.0178606510162354
0,0.00020037480862811208,155999,2.7495126724243164
0,0.00020008289720863104,156049,2.583749294281006
0,0.00019979100034106523,156099,2.763291835784912
0,0.0001994990889215842,156149,2.7563693523406982
0,0.00019920719205401838,156199,2.9212892055511475
0,0.00019891528063453734,156249,2.7230453491210938
0,0.00019862338376697153,156299,2.452637195587158
0,0.0001983314723474905,156349,2.8069217205047607
0,0.00019803957547992468,156399,2.9565725326538086
0,0.00019774766406044364,156449,2.5822856426239014
0,0.00019745576719287783,156499,2.722572088241577
0,0.0001971638557733968,156549,2.5693414211273193
0,0.00019687195890583098,156599,2.881675958633423
0,0.00019658004748634994,156649,2.6360604763031006
0,0.00019628815061878413,156699,2.5068979263305664
0,0.0001959962391993031,156749,2.627969264984131
0,0.00019570434233173728,156799,2.7031874656677246
0,0.00019541243091225624,156849,2.655442237854004
0,0.00019512053404469043,156899,2.419011354446411
0,0.0001948286226252094,156949,2.6710710525512695
0,0.00019453672575764358,156999,2.7048280239105225
0,0.00019424481433816254,157049,2.7854857444763184
0,0.0001939529029186815,157099,2.6594245433807373
0,0.0001936610060511157,157149,2.8567450046539307
0,0.00019336909463163465,157199,2.5207200050354004
0,0.00019307719776406884,157249,3.3331422805786133
0,0.0001927852863445878,157299,3.149890661239624
0,0.000192493389477022,157349,2.5108516216278076
0,0.00019220147805754095,157399,2.611105442047119
0,0.00019190958118997514,157449,2.553737163543701
0,0.0001916176697704941,157499,2.70920729637146
0,0.0001913257729029283,157549,2.7992167472839355
0,0.00019103386148344725,157599,2.5094616413116455
0,0.00019074196461588144,157649,2.7893714904785156
0,0.0001904500531964004,157699,2.710996627807617
0,0.0001901581563288346,157749,2.915104866027832
0,0.00018986624490935355,157799,2.7955105304718018
0,0.00018957434804178774,157849,2.773254632949829
0,0.0001892824366223067,157899,2.6226203441619873
0,0.0001889905397547409,157949,2.67736554145813
0,0.00018869862833525985,157999,2.669168472290039
0,0.00018840673146769404,158049,2.9730279445648193
0,0.000188114820048213,158099,2.8598721027374268
0,0.0001878229231806472,158149,2.526054620742798
0,0.00018753101176116616,158199,2.5792977809906006
0,0.00018723911489360034,158249,2.789851427078247
0,0.0001869472034741193,158299,2.651710271835327
0,0.0001866553066065535,158349,2.5275626182556152
0,0.00018636339518707246,158399,2.8465256690979004
0,0.00018607149831950665,158449,2.705796241760254
0,0.0001857795869000256,158499,2.6301167011260986
0,0.0001854876900324598,158549,2.7295455932617188
0,0.00018519577861297876,158599,2.8144426345825195
0,0.00018490388174541295,158649,2.7966830730438232
0,0.0001846119703259319,158699,2.8767895698547363
0,0.0001843200734583661,158749,2.715205192565918
0,0.00018402816203888506,158799,2.782961368560791
0,0.00018373626517131925,158849,2.625667095184326
0,0.0001834443537518382,158899,2.718792676925659
0,0.0001831524568842724,158949,2.5353803634643555
0,0.00018286054546479136,158999,2.6712405681610107
0,0.00018256863404531032,159049,2.6506004333496094
0,0.0001822767371777445,159099,2.9469950199127197
0,0.00018198482575826347,159149,3.5268027782440186
0,0.00018169292889069766,159199,3.066887378692627
0,0.00018140101747121662,159249,3.027951240539551
0,0.0001811091206036508,159299,2.5076019763946533
0,0.00018081720918416977,159349,2.7333648204803467
0,0.00018052531231660396,159399,2.7515909671783447
0,0.00018023340089712292,159449,2.677767515182495
0,0.0001799415040295571,159499,2.699429988861084
0,0.00017964959261007607,159549,2.884324073791504
0,0.00017935769574251026,159599,2.851743221282959
0,0.00017906578432302922,159649,2.817413091659546
0,0.0001787738874554634,159699,2.386655330657959
0,0.00017848197603598237,159749,3.006995916366577
0,0.00017819007916841656,159799,2.7701902389526367
0,0.00017789816774893552,159849,2.9533681869506836
0,0.0001776062708813697,159899,3.1845686435699463
0,0.00017731435946188867,159949,2.84870982170105
0,0.00017702246259432286,159999,3.1658825874328613
0,0.00017673055117484182,160049,2.68485951423645
0,0.000176438654307276,160099,2.8863260746002197
0,0.00017614674288779497,160149,2.96713924407959
0,0.00017585484602022916,160199,2.9036881923675537
0,0.00017556293460074812,160249,2.5225424766540527
0,0.0001752710377331823,160299,3.1784067153930664
0,0.00017497912631370127,160349,2.63796067237854
0,0.00017468722944613546,160399,2.4734177589416504
0,0.00017439531802665442,160449,2.8042778968811035
0,0.0001741034211590886,160499,2.745704174041748
0,0.00017381150973960757,160549,3.2634711265563965
0,0.00017351961287204176,160599,2.7744486331939697
0,0.00017322770145256072,160649,2.808208465576172
0,0.0001729358045849949,160699,2.5726771354675293
0,0.00017264389316551387,160749,2.6629135608673096
0,0.00017235199629794806,160799,2.725066900253296
0,0.00017206008487846702,160849,2.7425577640533447
0,0.0001717681880109012,160899,2.8631529808044434
0,0.00017147627659142017,160949,2.8520424365997314
0,0.00017118437972385436,160999,2.6360371112823486
0,0.00017089246830437332,161049,3.382322311401367
0,0.00017060055688489228,161099,2.816720962524414
0,0.00017030866001732647,161149,2.791645050048828
0,0.00017001674859784544,161199,2.7937586307525635
0,0.00016972485173027962,161249,2.7957916259765625
0,0.00016943294031079859,161299,2.5986838340759277
0,0.00016914104344323277,161349,2.7655858993530273
0,0.00016884913202375174,161399,2.607053279876709
0,0.00016855723515618593,161449,2.790581464767456
0,0.00016826532373670489,161499,2.568192958831787
0,0.00016797342686913908,161549,2.6854007244110107
0,0.00016768151544965804,161599,3.1505818367004395
0,0.00016738961858209223,161649,3.0008816719055176
0,0.0001670977071626112,161699,2.617709159851074
0,0.00016680581029504538,161749,2.9154374599456787
0,0.00016651389887556434,161799,3.1378843784332275
0,0.00016622200200799853,161849,2.8134782314300537
0,0.0001659300905885175,161899,3.0181756019592285
0,0.00016563819372095168,161949,2.821960926055908
0,0.00016534628230147064,161999,2.7807469367980957
0,0.00016505438543390483,162049,2.8700199127197266
0,0.0001647624740144238,162099,2.6504666805267334
0,0.00016447057714685798,162149,2.562349557876587
0,0.00016417866572737694,162199,2.721952438354492
0,0.00016388676885981113,162249,2.8660500049591064
0,0.0001635948574403301,162299,2.6097607612609863
0,0.00016330296057276428,162349,2.907541036605835
0,0.00016301104915328324,162399,2.736987829208374
0,0.00016271915228571743,162449,2.588901996612549
0,0.0001624272408662364,162499,2.5778136253356934
0,0.00016213534399867058,162549,3.1017582416534424
0,0.00016184343257918954,162599,2.5132312774658203
0,0.00016155153571162373,162649,2.792790412902832
0,0.0001612596242921427,162699,2.689267635345459
0,0.00016096772742457688,162749,2.5628199577331543
0,0.00016067581600509584,162799,2.8679797649383545
0,0.00016038391913753003,162849,2.6389310359954834
0,0.000160092007718049,162899,2.6651268005371094
0,0.00015980011085048318,162949,3.034863233566284
0,0.00015950819943100214,162999,2.7302870750427246
0,0.0001592162880115211,163049,2.888261318206787
0,0.0001589243911439553,163099,2.7079319953918457
0,0.00015863247972447425,163149,2.840632677078247
0,0.00015834058285690844,163199,2.8283512592315674
0,0.0001580486714374274,163249,2.7737202644348145
0,0.0001577567745698616,163299,2.6674764156341553
0,0.00015746486315038055,163349,2.9611659049987793
0,0.00015717296628281474,163399,2.7997357845306396
0,0.0001568810548633337,163449,2.4164867401123047
0,0.0001565891579957679,163499,2.550572156906128
0,0.00015629724657628685,163549,2.980530023574829
0,0.00015600534970872104,163599,3.190692186355591
0,0.00015571343828924,163649,2.5378856658935547
0,0.0001554215414216742,163699,2.8037285804748535
0,0.00015512963000219315,163749,3.0766143798828125
0,0.00015483773313462734,163799,2.725536346435547
0,0.0001545458217151463,163849,2.7414863109588623
0,0.0001542539248475805,163899,2.6085710525512695
0,0.00015396201342809945,163949,2.7149758338928223
0,0.00015367011656053364,163999,2.5020592212677
0,0.0001533782051410526,164049,2.971160411834717
0,0.0001530863082734868,164099,2.598860502243042
0,0.00015279439685400575,164149,2.7801849842071533
0,0.00015250249998643994,164199,2.637026071548462
0,0.0001522105885669589,164249,2.634061336517334
0,0.0001519186916993931,164299,2.8926801681518555
0,0.00015162678027991205,164349,3.0999481678009033
0,0.00015133488341234624,164399,2.6480226516723633
0,0.0001510429719928652,164449,3.0027382373809814
0,0.0001507510751252994,164499,2.5313470363616943
0,0.00015045916370581836,164549,2.678248882293701
0,0.00015016726683825254,164599,2.4881064891815186
0,0.0001498753554187715,164649,2.965674638748169
0,0.0001495834585512057,164699,2.7909646034240723
0,0.00014929154713172466,164749,3.127634286880493
0,0.00014899965026415884,164799,2.5405642986297607
0,0.0001487077388446778,164849,2.5727145671844482
0,0.000148415841977112,164899,3.0952436923980713
0,0.00014812393055763096,164949,2.6939661502838135
0,0.00014783203369006515,164999,2.711026906967163
0,0.0001475401222705841,165049,2.925424814224243
0,0.00014724821085110307,165099,2.606790542602539
0,0.00014695631398353726,165149,2.685311794281006
0,0.00014666440256405622,165199,2.4761030673980713
0,0.0001463725056964904,165249,2.716465711593628
0,0.00014608059427700937,165299,3.1554737091064453
0,0.00014578869740944356,165349,2.619274377822876
0,0.00014549678598996252,165399,2.513026714324951
0,0.0001452048891223967,165449,2.7288577556610107
0,0.00014491297770291567,165499,2.5168676376342773
0,0.00014462108083534986,165549,2.7969844341278076
0,0.00014432916941586882,165599,2.549316883087158
0,0.000144037272548303,165649,2.855957508087158
0,0.00014374536112882197,165699,2.6526858806610107
0,0.00014345346426125616,165749,2.5156197547912598
0,0.00014316155284177512,165799,2.9913086891174316
0,0.0001428696559742093,165849,2.649669885635376
0,0.00014257774455472827,165899,2.5317485332489014
0,0.00014228584768716246,165949,3.3036820888519287
0,0.00014199393626768142,165999,2.7873313426971436
0,0.0001417020394001156,166049,2.65572190284729
0,0.00014141012798063457,166099,2.7275564670562744
0,0.00014111823111306876,166149,2.8574728965759277
0,0.00014082631969358772,166199,2.5599679946899414
0,0.0001405344228260219,166249,2.6605751514434814
0,0.00014024251140654087,166299,2.8563334941864014
0,0.00013995061453897506,166349,2.608301877975464
0,0.00013965870311949402,166399,2.711275815963745
0,0.0001393668062519282,166449,2.7118120193481445
0,0.00013907489483244717,166499,3.048731565475464
0,0.00013878299796488136,166549,2.6744117736816406
0,0.00013849108654540032,166599,2.882354259490967
0,0.0001381991896778345,166649,3.0129895210266113
0,0.00013790727825835347,166699,3.1506266593933105
0,0.00013761538139078766,166749,2.6874804496765137
0,0.00013732346997130662,166799,2.6909866333007812
0,0.0001370315731037408,166849,2.660505771636963
0,0.00013673966168425977,166899,2.698395252227783
0,0.00013644776481669396,166949,2.7947165966033936
0,0.00013615585339721292,166999,2.7355458736419678
0,0.00013586394197773188,167049,2.667375087738037
0,0.00013557204511016607,167099,2.645331859588623
0,0.00013528013369068503,167149,2.597641944885254
0,0.00013498823682311922,167199,2.5219976902008057
0,0.00013469632540363818,167249,2.677870035171509
0,0.00013440442853607237,167299,2.7838947772979736
0,0.00013411251711659133,167349,2.759382724761963
0,0.00013382062024902552,167399,2.565932035446167
0,0.00013352870882954448,167449,2.7607223987579346
0,0.00013323681196197867,167499,2.6765711307525635
0,0.00013294490054249763,167549,2.9703197479248047
0,0.00013265300367493182,167599,2.7416160106658936
0,0.00013236109225545079,167649,2.5926871299743652
0,0.00013206919538788497,167699,3.0069327354431152
0,0.00013177728396840394,167749,2.8084559440612793
0,0.00013148538710083812,167799,2.7231013774871826
0,0.00013119347568135709,167849,2.663133144378662
0,0.00013090157881379128,167899,2.843975782394409
0,0.00013060966739431024,167949,2.6223764419555664
0,0.00013031777052674443,167999,2.7606608867645264
0,0.00013002585910726339,168049,2.709090232849121
0,0.00012973396223969758,168099,2.5772292613983154
0,0.00012944205082021654,168149,3.267838478088379
0,0.00012915015395265073,168199,2.753689765930176
0,0.0001288582425331697,168249,2.535266399383545
0,0.00012856634566560388,168299,2.5670166015625
0,0.00012827443424612284,168349,2.760741949081421
0,0.00012798253737855703,168399,2.7102110385894775
0,0.000127690625959076,168449,2.596489906311035
0,0.00012739872909151018,168499,2.7668066024780273
0,0.00012710681767202914,168549,2.709559917449951
0,0.00012681492080446333,168599,2.7267515659332275
0,0.0001265230093849823,168649,2.559556484222412
0,0.00012623111251741648,168699,2.875333070755005
0,0.00012593920109793544,168749,2.6077146530151367
0,0.00012564730423036963,168799,3.2936489582061768
0,0.0001253553928108886,168849,2.4707391262054443
0,0.00012506349594332278,168899,2.8689351081848145
0,0.00012477158452384174,168949,3.188058376312256
0,0.00012447968765627593,168999,2.5809686183929443
0,0.0001241877762367949,169049,3.157198190689087
0,0.00012389586481731385,169099,2.559903860092163
0,0.00012360396794974804,169149,2.5785470008850098
0,0.000123312056530267,169199,2.7293589115142822
0,0.0001230201596627012,169249,2.921340227127075
0,0.00012272824824322015,169299,2.765043020248413
0,0.00012243635137565434,169349,2.678584337234497
0,0.0001221444399561733,169399,2.818657398223877
0,0.00012185254308860749,169449,2.7106688022613525
0,0.00012156063894508407,169499,2.7927932739257812
0,0.00012126873480156064,169549,2.755683183670044
0,0.00012097683065803722,169599,2.843024730682373
0,0.00012068492651451379,169649,2.6635324954986572
0,0.00012039302237099037,169699,3.0992631912231445
0,0.00012010111822746694,169749,2.5227386951446533
0,0.00011980921408394352,169799,2.4738407135009766
0,0.00011951730994042009,169849,2.597675323486328
0,0.00011922540579689667,169899,2.8144917488098145
0,0.00011893350165337324,169949,2.699143171310425
0,0.00011864159750984982,169999,2.879030227661133
0,0.00011834968609036878,170049,2.712246894836426
0,0.00011805778194684535,170099,3.1005072593688965
0,0.00011776587780332193,170149,2.906519889831543
0,0.0001174739736597985,170199,2.593484401702881
0,0.00011718206951627508,170249,2.9367189407348633
0,0.00011689016537275165,170299,2.696183204650879
0,0.00011659826122922823,170349,2.6950247287750244
0,0.0001163063570857048,170399,2.6728508472442627
0,0.00011601445294218138,170449,2.7634172439575195
0,0.00011572254879865795,170499,2.6721303462982178
0,0.00011543064465513453,170549,2.6933584213256836
0,0.0001151387405116111,170599,3.2582833766937256
0,0.00011484683636808768,170649,2.444470167160034
0,0.00011455493222456425,170699,3.1487414836883545
0,0.00011426302808104083,170749,2.9435384273529053
0,0.0001139711239375174,170799,2.63545823097229
0,0.00011367921979399398,170849,2.521664619445801
0,0.00011338731565047055,170899,2.7564563751220703
0,0.00011309541150694713,170949,3.188720941543579
0,0.0001128035073634237,170999,2.7679460048675537
0,0.00011251160321990028,171049,2.6183557510375977
0,0.00011221969907637686,171099,2.5023772716522217
0,0.00011192779493285343,171149,2.7413430213928223
0,0.00011163589078933,171199,2.8977246284484863
0,0.00011134398664580658,171249,2.6740524768829346
0,0.00011105208250228316,171299,2.750370502471924
0,0.00011076017835875973,171349,2.7608482837677
0,0.0001104682742152363,171399,2.7910819053649902
0,0.00011017637007171288,171449,2.5928053855895996
0,0.00010988446592818946,171499,3.101245880126953
0,0.00010959256178466603,171549,2.6356470584869385
0,0.0001093006576411426,171599,2.836019992828369
0,0.00010900875349761918,171649,2.568256139755249
0,0.00010871684935409576,171699,2.777022361755371
0,0.00010842494521057233,171749,2.518756151199341
0,0.00010813304106704891,171799,2.5741660594940186
0,0.00010784113692352548,171849,2.842867612838745
0,0.00010754923278000206,171899,3.0774126052856445
0,0.00010725732863647863,171949,2.7827415466308594
0,0.00010696542449295521,171999,2.700778007507324
0,0.00010667351307347417,172049,2.8752388954162598
0,0.00010638160892995074,172099,2.9141247272491455
0,0.00010608970478642732,172149,3.1605405807495117
0,0.0001057978006429039,172199,2.8230435848236084
0,0.00010550589649938047,172249,2.6944150924682617
0,0.00010521399235585704,172299,3.1136903762817383
0,0.00010492208821233362,172349,2.6949706077575684
0,0.0001046301840688102,172399,2.640918016433716
0,0.00010433827992528677,172449,2.5207297801971436
0,0.00010404637578176335,172499,2.6695854663848877
0,0.00010375447163823992,172549,3.3899192810058594
0,0.0001034625674947165,172599,2.65802001953125
0,0.00010317066335119307,172649,3.0978522300720215
0,0.00010287875920766965,172699,2.6298880577087402
0,0.00010258685506414622,172749,2.660445213317871
0,0.0001022949509206228,172799,2.596121311187744
0,0.00010200304677709937,172849,2.8506920337677
0,0.00010171114263357595,172899,2.7077908515930176
0,0.00010141923849005252,172949,2.889448881149292
0,0.0001011273343465291,172999,2.6136255264282227
0,0.00010083543020300567,173049,2.543534755706787
0,0.00010054352605948225,173099,2.7635979652404785
0,0.00010025162191595882,173149,2.6608219146728516
0,9.99597177724354e-05,173199,2.496821165084839
0,9.966781362891197e-05,173249,2.6805787086486816
0,9.937590948538855e-05,173299,2.572739601135254
0,9.908400534186512e-05,173349,2.7563533782958984
0,9.87921011983417e-05,173399,2.5076043605804443
0,9.850019705481827e-05,173449,2.979945659637451
0,9.820829291129485e-05,173499,2.7663958072662354
0,9.791638876777142e-05,173549,2.7155306339263916
0,9.7624484624248e-05,173599,2.960653781890869
0,9.733258048072457e-05,173649,2.788547992706299
0,9.704067633720115e-05,173699,2.6565628051757812
0,9.674877219367772e-05,173749,2.6626012325286865
0,9.64568680501543e-05,173799,2.4693856239318848
0,9.616496390663087e-05,173849,2.4607982635498047
0,9.587305976310745e-05,173899,2.8115906715393066
0,9.558115561958402e-05,173949,2.8730862140655518
0,9.52892514760606e-05,173999,2.910252571105957
0,9.499734005657956e-05,174049,2.966411828994751
0,9.470543591305614e-05,174099,2.501101493835449
0,9.441353176953271e-05,174149,2.80926251411438
0,9.412162762600929e-05,174199,2.834606885910034
0,9.382972348248586e-05,174249,2.973172903060913
0,9.353781933896244e-05,174299,2.9291999340057373
0,9.324591519543901e-05,174349,2.526994228363037
0,9.295401105191559e-05,174399,2.4953603744506836
0,9.266210690839216e-05,174449,3.305906295776367
0,9.237020276486874e-05,174499,2.936264991760254
0,9.207829862134531e-05,174549,3.254103660583496
0,9.178639447782189e-05,174599,2.729081392288208
0,9.149449033429846e-05,174649,2.5359466075897217
0,9.120258619077504e-05,174699,2.852778196334839
0,9.091068204725161e-05,174749,2.8673548698425293
0,9.061877790372819e-05,174799,2.785313129425049
0,9.032687376020476e-05,174849,2.8506617546081543
0,9.003496961668134e-05,174899,2.8662619590759277
0,8.974306547315791e-05,174949,2.7950358390808105
0,8.945116132963449e-05,174999,2.6415345668792725
0,8.915925718611106e-05,175049,2.920637607574463
0,8.886735304258764e-05,175099,2.717517614364624
0,8.857544889906421e-05,175149,2.7643468379974365
0,8.828354475554079e-05,175199,3.039989709854126
0,8.799164061201736e-05,175249,2.589250087738037
0,8.769973646849394e-05,175299,2.589578866958618
0,8.740783232497051e-05,175349,2.6115922927856445
0,8.711592818144709e-05,175399,2.7812445163726807
0,8.682402403792366e-05,175449,2.7191970348358154
0,8.653211989440024e-05,175499,2.7822577953338623
0,8.624021575087681e-05,175549,3.1561169624328613
0,8.594831160735339e-05,175599,2.791233777999878
0,8.565640746382996e-05,175649,2.688838481903076
0,8.536450332030654e-05,175699,2.935157537460327
0,8.507259917678311e-05,175749,2.75317645072937
0,8.478069503325969e-05,175799,2.709057331085205
0,8.448879088973626e-05,175849,2.6582493782043457
0,8.419688674621284e-05,175899,2.905975580215454
0,8.390498260268942e-05,175949,3.445319652557373
0,8.361307845916599e-05,175999,2.5555427074432373
0,8.332116703968495e-05,176049,2.59144926071167
0,8.302926289616153e-05,176099,2.6115949153900146
0,8.27373587526381e-05,176149,2.535372495651245
0,8.244545460911468e-05,176199,2.8987374305725098
0,8.215355046559125e-05,176249,2.898073673248291
0,8.186164632206783e-05,176299,2.6758017539978027
0,8.15697421785444e-05,176349,2.7910938262939453
0,8.127783803502098e-05,176399,2.574437141418457
0,8.098593389149755e-05,176449,2.7166035175323486
0,8.069402974797413e-05,176499,2.6106040477752686
0,8.04021256044507e-05,176549,3.0048553943634033
0,8.011022146092728e-05,176599,2.77891206741333
0,7.981831731740385e-05,176649,2.8212409019470215
0,7.952641317388043e-05,176699,2.904879570007324
0,7.9234509030357e-05,176749,2.904820203781128
0,7.894260488683358e-05,176799,2.4698235988616943
0,7.865070074331015e-05,176849,2.308867931365967
0,7.835879659978673e-05,176899,2.5155131816864014
0,7.80668924562633e-05,176949,2.6431267261505127
0,7.777498831273988e-05,176999,3.115532875061035
0,7.748308416921645e-05,177049,2.694333553314209
0,7.719118002569303e-05,177099,2.9344215393066406
0,7.68992758821696e-05,177149,2.7550225257873535
0,7.660737173864618e-05,177199,2.9550914764404297
0,7.631546759512275e-05,177249,2.536252498626709
0,7.602356345159933e-05,177299,2.641648292541504
0,7.57316593080759e-05,177349,2.7295124530792236
0,7.543975516455248e-05,177399,2.639777183532715
0,7.514785102102906e-05,177449,2.7533087730407715
0,7.485594687750563e-05,177499,2.875945806503296
0,7.45640427339822e-05,177549,2.4712321758270264
0,7.427213859045878e-05,177599,2.8324222564697266
0,7.398023444693536e-05,177649,2.6061811447143555
0,7.368833030341193e-05,177699,2.6306755542755127
0,7.33964261598885e-05,177749,2.7496137619018555
0,7.310452201636508e-05,177799,2.5189008712768555
0,7.281261787284166e-05,177849,3.2870941162109375
0,7.252071372931823e-05,177899,2.581263542175293
0,7.22288095857948e-05,177949,2.7124674320220947
0,7.193690544227138e-05,177999,2.553873300552368
0,7.164499402279034e-05,178049,2.505911111831665
0,7.135308987926692e-05,178099,2.8610680103302
0,7.106118573574349e-05,178149,2.7291061878204346
0,7.076928159222007e-05,178199,2.8541531562805176
0,7.047737744869664e-05,178249,2.6015779972076416
0,7.018547330517322e-05,178299,3.0021462440490723
0,6.98935691616498e-05,178349,2.7857906818389893
0,6.960166501812637e-05,178399,2.4780402183532715
0,6.930976087460294e-05,178449,2.7035624980926514
0,6.901785673107952e-05,178499,2.829230785369873
0,6.87259525875561e-05,178549,2.9219813346862793
0,6.843404844403267e-05,178599,2.7642710208892822
0,6.814214430050924e-05,178649,2.6314127445220947
0,6.785024015698582e-05,178699,2.656726121902466
0,6.75583360134624e-05,178749,2.762103796005249
0,6.726643186993897e-05,178799,2.8358142375946045
0,6.697452772641554e-05,178849,2.636016607284546
0,6.668262358289212e-05,178899,2.591348886489868
0,6.63907194393687e-05,178949,2.996595621109009
0,6.609881529584527e-05,178999,2.6137874126434326
0,6.580691115232185e-05,179049,2.8206429481506348
0,6.551500700879842e-05,179099,2.852205753326416
0,6.5223102865275e-05,179149,2.8071231842041016
0,6.493119872175157e-05,179199,2.650644540786743
0,6.463929457822815e-05,179249,2.6500024795532227
0,6.434739043470472e-05,179299,2.8600423336029053
0,6.40554862911813e-05,179349,2.7183773517608643
0,6.376358214765787e-05,179399,2.4688491821289062
0,6.347167800413445e-05,179449,2.570241689682007
0,6.317977386061102e-05,179499,2.877863883972168
0,6.28878697170876e-05,179549,2.744687795639038
0,6.259596557356417e-05,179599,2.4967234134674072
0,6.230406143004075e-05,179649,2.623645782470703
0,6.201215728651732e-05,179699,3.054560661315918
0,6.17202531429939e-05,179749,2.6836163997650146
0,6.142834899947047e-05,179799,2.58512020111084
0,6.113644485594705e-05,179849,2.5779175758361816
0,6.0844537074444816e-05,179899,2.780626058578491
0,6.055263293092139e-05,179949,2.7734854221343994
0,6.0260728787397966e-05,179999,2.7729222774505615
0,5.996882464387454e-05,180049,2.8591115474700928
0,5.9676920500351116e-05,180099,2.7318718433380127
0,5.938501635682769e-05,180149,2.6608052253723145
0,5.9093112213304266e-05,180199,3.1989598274230957
0,5.880120806978084e-05,180249,3.1072070598602295
0,5.8509303926257417e-05,180299,2.875307083129883
0,5.821739978273399e-05,180349,2.554020643234253
0,5.792549563921057e-05,180399,2.828230381011963
0,5.763359149568714e-05,180449,2.6071295738220215
0,5.734168735216372e-05,180499,3.207327365875244
0,5.7049779570661485e-05,180549,2.5536468029022217
0,5.675787542713806e-05,180599,2.7224254608154297
0,5.6465971283614635e-05,180649,2.734736442565918
0,5.617406714009121e-05,180699,2.9010696411132812
0,5.5882162996567786e-05,180749,2.724263906478882
0,5.559025885304436e-05,180799,3.066305637359619
0,5.5298354709520936e-05,180849,2.6770107746124268
0,5.500645056599751e-05,180899,2.479067802429199
0,5.4714546422474086e-05,180949,2.7093162536621094
0,5.442264227895066e-05,180999,2.6278417110443115
0,5.4130738135427237e-05,181049,3.0431392192840576
0,5.383883399190381e-05,181099,2.872811794281006
0,5.354692984838039e-05,181149,2.46488356590271
0,5.325502570485696e-05,181199,2.707777738571167
0,5.296312156133354e-05,181249,2.8135533332824707
0,5.267121741781011e-05,181299,2.7456750869750977
0,5.237931327428669e-05,181349,2.546567916870117
0,5.208740913076326e-05,181399,2.791355848312378
0,5.179550498723984e-05,181449,2.6207528114318848
0,5.150360084371641e-05,181499,2.817603826522827
0,5.121169306221418e-05,181549,2.7197604179382324
0,5.0919788918690756e-05,181599,2.6040701866149902
0,5.062788477516733e-05,181649,2.6623575687408447
0,5.0335980631643906e-05,181699,2.45534086227417
0,5.004407648812048e-05,181749,2.929204225540161
0,4.9752172344597057e-05,181799,2.795488119125366
0,4.946026820107363e-05,181849,2.833317756652832
0,4.916836405755021e-05,181899,2.622246503829956
0,4.887645991402678e-05,181949,2.7932887077331543
0,4.858455577050336e-05,181999,2.5635414123535156
0,4.829265162697993e-05,182049,2.597057819366455
0,4.800074748345651e-05,182099,2.9037277698516846
0,4.770884333993308e-05,182149,2.5567615032196045
0,4.741693919640966e-05,182199,2.5527617931365967
0,4.712503505288623e-05,182249,2.5356547832489014
0,4.683313090936281e-05,182299,2.4516825675964355
0,4.654122676583938e-05,182349,2.9384853839874268
0,4.624932262231596e-05,182399,2.7263195514678955
0,4.595741847879253e-05,182449,2.7356600761413574
0,4.566551433526911e-05,182499,2.596764087677002
0,4.5373606553766876e-05,182549,2.573431968688965
0,4.508170241024345e-05,182599,2.9902284145355225
0,4.478979826672003e-05,182649,2.4190597534179688
0,4.44978941231966e-05,182699,3.2048025131225586
0,4.420598997967318e-05,182749,2.8279430866241455
0,4.391408583614975e-05,182799,3.039559841156006
0,4.362218169262633e-05,182849,2.662600517272949
0,4.33302775491029e-05,182899,3.029120683670044
0,4.303837340557948e-05,182949,2.6194398403167725
0,4.274646926205605e-05,182999,2.776122570037842
0,4.245456511853263e-05,183049,2.5870237350463867
0,4.21626609750092e-05,183099,2.541090965270996
0,4.187075683148578e-05,183149,3.00468111038208
0,4.157885268796235e-05,183199,2.8746838569641113
0,4.128694854443893e-05,183249,2.5630602836608887
0,4.0995044400915504e-05,183299,2.802079200744629
0,4.070314025739208e-05,183349,2.5466294288635254
0,4.0411236113868654e-05,183399,2.550961971282959
0,4.011933197034523e-05,183449,2.581048011779785
0,3.9827427826821804e-05,183499,2.534991502761841
0,3.953552004531957e-05,183549,2.9504051208496094
0,3.924361590179615e-05,183599,2.6885595321655273
0,3.895171175827272e-05,183649,2.7045230865478516
0,3.86598076147493e-05,183699,2.4410855770111084
0,3.836790347122587e-05,183749,3.3616106510162354
0,3.807599932770245e-05,183799,2.515681743621826
0,3.778409518417902e-05,183849,2.966062307357788
0,3.74921910406556e-05,183899,2.4580647945404053
0,3.720028689713217e-05,183949,2.4658620357513428
0,3.690838275360875e-05,183999,2.7673087120056152
0,3.6616478610085323e-05,184049,2.742051601409912
0,3.63245744665619e-05,184099,2.919080972671509
0,3.6032670323038474e-05,184149,2.8481838703155518
0,3.574076617951505e-05,184199,2.5720698833465576
0,3.5448862035991624e-05,184249,2.618668556213379
0,3.51569578924682e-05,184299,3.188127040863037
0,3.4865053748944774e-05,184349,2.597719430923462
0,3.457314960542135e-05,184399,2.9646801948547363
0,3.4281245461897925e-05,184449,2.793207883834839
0,3.39893413183745e-05,184499,2.654697895050049
0,3.369743353687227e-05,184549,2.661444664001465
0,3.340552939334884e-05,184599,3.0695807933807373
0,3.311362524982542e-05,184649,2.9054155349731445
0,3.282172110630199e-05,184699,2.6114814281463623
0,3.252981696277857e-05,184749,2.592846155166626
0,3.2237912819255143e-05,184799,2.6944332122802734
0,3.194600867573172e-05,184849,2.679271697998047
0,3.1654104532208294e-05,184899,2.7197113037109375
0,3.136220038868487e-05,184949,2.5779354572296143
0,3.1070296245161444e-05,184999,3.085907220840454
0,3.077839210163802e-05,185049,2.608933925628662
0,3.0486487958114594e-05,185099,2.6233322620391846
0,3.019458381459117e-05,185149,2.7833120822906494
0,2.9902679671067744e-05,185199,2.6920619010925293
0,2.961077552754432e-05,185249,2.803220748901367
0,2.931886956503149e-05,185299,2.919973134994507
0,2.9026965421508066e-05,185349,2.4996254444122314
0,2.873506127798464e-05,185399,2.5916967391967773
0,2.8443157134461217e-05,185449,2.8793797492980957
0,2.8151252990937792e-05,185499,2.659374237060547
0,2.7859348847414367e-05,185549,2.630506992340088
0,2.7567444703890942e-05,185599,3.118614673614502
0,2.7275540560367517e-05,185649,2.7081875801086426
0,2.6983636416844092e-05,185699,2.88905930519104
0,2.6691732273320667e-05,185749,3.294337749481201
0,2.639982631080784e-05,185799,2.607248306274414
0,2.6107922167284414e-05,185849,2.6278929710388184
0,2.581601802376099e-05,185899,2.7759761810302734
0,2.5524113880237564e-05,185949,2.7719619274139404
0,2.523220973671414e-05,185999,2.820249557495117
0,2.4940305593190715e-05,186049,2.6847422122955322
0,2.464840144966729e-05,186099,2.494762420654297
0,2.4356497306143865e-05,186149,2.83481764793396
0,2.406459316262044e-05,186199,3.4047467708587646
0,2.3772689019097015e-05,186249,2.8720648288726807
0,2.3480783056584187e-05,186299,2.529270648956299
0,2.3188878913060762e-05,186349,2.606386661529541
0,2.2896974769537337e-05,186399,2.5212481021881104
0,2.2605070626013912e-05,186449,2.621582269668579
0,2.2313166482490487e-05,186499,2.547337770462036
0,2.2021262338967063e-05,186549,2.649096727371216
0,2.1729358195443638e-05,186599,2.780736207962036
0,2.1437454051920213e-05,186649,2.603050947189331
0,2.1145549908396788e-05,186699,2.830181360244751
0,2.0853645764873363e-05,186749,2.545771837234497
0,2.0561739802360535e-05,186799,2.900284767150879
0,2.026983565883711e-05,186849,2.5347068309783936
0,1.9977931515313685e-05,186899,2.970449209213257
0,1.968602737179026e-05,186949,2.605726480484009
0,1.9394123228266835e-05,186999,2.6284093856811523
0,1.910221908474341e-05,187049,2.5411758422851562
0,1.8810314941219985e-05,187099,2.5005249977111816
0,1.851841079769656e-05,187149,2.883760690689087
0,1.8226506654173136e-05,187199,2.9070868492126465
0,1.793460251064971e-05,187249,2.738222599029541
0,1.7642696548136882e-05,187299,2.784003257751465
0,1.7350792404613458e-05,187349,2.536454677581787
0,1.7058888261090033e-05,187399,2.5897715091705322
0,1.6766984117566608e-05,187449,2.652801513671875
0,1.6475079974043183e-05,187499,2.72432017326355
0,1.6183175830519758e-05,187549,3.081195831298828
0,1.5891271686996333e-05,187599,2.8909668922424316
0,1.559936754347291e-05,187649,3.104064702987671
0,1.5307463399949484e-05,187699,2.7728450298309326
0,1.5015558346931357e-05,187749,2.7270002365112305
0,1.4723654203407932e-05,187799,3.56837797164917
0,1.4431750059884507e-05,187849,2.8647818565368652
0,1.4139845916361082e-05,187899,2.9568397998809814
0,1.3847940863342956e-05,187949,2.570887565612793
0,1.355603671981953e-05,187999,2.6628451347351074
0,1.3264132576296106e-05,188049,2.501058578491211
0,1.2972228432772681e-05,188099,2.661054849624634
0,1.2680324289249256e-05,188149,2.622756004333496
0,1.238841923623113e-05,188199,2.8228254318237305
0,1.2096515092707705e-05,188249,2.689173936843872
0,1.180461094918428e-05,188299,3.0402607917785645
0,1.1512706805660855e-05,188349,2.7406809329986572
0,1.122080266213743e-05,188399,2.4433963298797607
0,1.0928897609119304e-05,188449,2.7679989337921143
0,1.0636993465595879e-05,188499,2.6941213607788086
0,1.0345089322072454e-05,188549,2.5896761417388916
0,1.0053185178549029e-05,188599,2.848431348800659
0,9.761281035025604e-06,188649,2.618788480758667
0,9.469375982007477e-06,188699,2.638123035430908
0,9.177471838484053e-06,188749,2.6140732765197754
0,8.885567694960628e-06,188799,2.7414019107818604
0,8.593663551437203e-06,188849,2.7683322429656982
0,8.301759407913778e-06,188899,2.6103177070617676
0,8.009854354895651e-06,188949,2.6464052200317383
0,7.717950211372226e-06,188999,2.8484439849853516
0,7.426046067848802e-06,189049,2.7786734104156494
0,7.134141924325377e-06,189099,2.6337332725524902
0,6.842237326054601e-06,189149,3.191096305847168
0,6.550333182531176e-06,189199,2.6739628314971924
0,6.2584285842604e-06,189249,2.672834873199463
0,5.9665244407369755e-06,189299,2.705923318862915
0,5.674620297213551e-06,189349,2.911341905593872
0,5.382715698942775e-06,189399,2.695103168487549
0,5.09081155541935e-06,189449,2.430361270904541
0,4.798906957148574e-06,189499,2.574523448944092
0,4.5070028136251494e-06,189549,2.8704938888549805
0,4.2150986701017246e-06,189599,2.938321828842163
0,3.923194071830949e-06,189649,2.6100151538848877
0,3.6312897009338485e-06,189699,2.8007724285125732
0,3.3393855574104236e-06,189749,2.513333320617676
0,3.0474811865133233e-06,189799,2.673485040664673
0,2.755576815616223e-06,189849,2.660912275314331
0,2.4636724447191227e-06,189899,2.569183588027954
0,2.1717680738220224e-06,189949,2.519965171813965
0,1.8798638166117598e-06,189999,2.6217923164367676
0,1.5879595594014972e-06,190049,2.732854127883911
0,1.296055188504397e-06,190099,2.5572309494018555
0,1.0041509312941344e-06,190149,2.9799644947052
0,7.12246560397034e-07,190199,2.5623490810394287
0,4.2034221792164317e-07,190249,2.6469602584838867
0,1.2843790386796172e-07,190299,2.8157496452331543
